"Species,""Regularization"",""Features"",""nParameters"",""AICc"",""Training.AUC"",""Test.AUC"",""bio13.contribution"",""bio14.contribution"",""bio5.contribution"",""bio6.contribution"",""bio7.contribution"",""topology.contribution"""
"Anthene_amarah,1.4,""autofeature=true"",2,121.008854870227,0.8801,0.7872,14.4683,0.7147,0,51.6036,10.5634,22.65"
"Aricia_agestis,0.6,"" -h"",14.5,2408.05185902629,0.73145,0.71415,16.4027,20.7476,5.2038,17.9626,18.3775,21.3057"
"Aricia_vandarbani,1.1,"" -h"",3,331.404452008814,0.79305,0.769,16.6608,45.0547,14.8977,14.5075,3.4928,5.3865"
"Athamanthia_phoenicurus,1.5,"" -h -q"",5,956.44960787685,0.72825,0.70635,2.0518,35.4813,0.6213,1.1275,11.1234,49.5947"
"Azanus_ubaldus,0.6,""autofeature=true"",2.5,135.93274244977,0.8867,0.879,13.7089,3.744,0,33.4464,47.1899,1.9109"
"Callophrys_danchenkoi,1.4,"" -h"",5,384.388444117906,0.8479,0.74095,48.6012,16.5709,20.6212,0.7123,11.1547,2.3398"
"Callophrys_farsica,1.2,"" -h -q"",3,192.349413050094,0.9206,0.92665,64.4241,9.2336,26.1849,0.0473,0,0.1102"
"Callophrys_paulae,1.4,"" -h"",5,596.102761962179,0.8153,0.76775,2.7875,20.6479,65.6971,0.5709,8.8887,1.4079"
"Callophrys_rubi,1,"" -h"",6,503.838329184979,0.83125,0.86705,5.0154,32.1571,7.1294,0.0106,48.9742,6.7134"
"Celastrina_argiolus,1.5,"" threshold=false -h"",7,1278.30120496682,0.75955,0.73875,23.3834,9.9439,0,20.338,9.9078,36.4269"
"Chilades_trochylus,1.3,"" threshold=false -h -q"",5,995.65040444529,0.67065,0.73795,9.5852,11.0554,0.2834,15.6031,48.6487,14.8241"
"Cigaritis_acamas,1.3,"" -h"",6.5,727.506797796327,0.72965,0.7291,17.8759,43.3921,17.611,5.1602,6.8984,9.0624"
"Cigaritis_epargyros,0.5,"" -h -q"",5,407.930700177467,0.67835,0.74715,1.6848,30.4951,1.2447,19.1307,14.7822,32.6624"
"Cigaritis_myrmecophila,0.6,"" -h"",7,688.551424622392,0.7441,0.7262,3.746,31.2793,22.5906,0.2854,31.3736,10.7252"
"Cigaritis_uighurica,1,"" -h"",7,882.296211725884,0.76505,0.7972,13.2782,10.9779,0.2132,2.955,59.2931,13.2827"
"Cupido_argiades,1,""autofeature=true"",2,151.944979751276,0.91025,0.8626,6.1816,0.0805,0,50.8197,42.2132,0.7051"
"Cupido_osiris,1.3,"" -h"",5,424.910566783592,0.75005,0.75205,18.5102,24.1365,28.9547,0.9853,13.805,13.6084"
"Cupido_staudingeri,0.9,"" -h"",7,740.257379637511,0.8786,0.8484,39.0345,9.6311,36.0269,0.6337,5.6655,9.0083"
"Cyaniris_semiargus,0.6,"" threshold=false -p -h"",7,970.52178646967,0.8112,0.7134,15.195,34.4841,44.6495,1.5889,2.2937,1.7887"
"Favonius_quercus,1.4,"" -h -q"",5,655.406523954108,0.76285,0.7564,83.0158,3.176,0.9547,1.0729,9.5987,2.1819"
"Glaucopsyche_alexis,1,"" -h"",7,843.902781051454,0.7429,0.7364,8.0649,39.3406,0.7884,3.2277,44.37,4.2084"
"Hyrcanana_caspius,0.9,"" -h -q"",4.5,378.232589051512,0.83815,0.7915,6.3161,13.0589,8.6104,0.1744,59.6416,12.1986"
"Iolana_iolas,1.5,"" -h"",5,598.234534151476,0.81245,0.73275,19.3728,30.8378,0.3135,0.6068,13.8896,34.9795"
"Kretania_eurypilus,0.9,"" threshold=false -h"",15,3311.75483823643,0.74155,0.72295,4.8697,16.9578,23.9457,21.7733,11.7267,20.7267"
"Kretania_zephyrinus,1.4,"" threshold=false -p -h"",7,2070.21726839792,0.7634,0.7589,21.8391,11.1319,29.0752,1.5198,6.8095,29.6244"
"Lachides_contracta,1,"" -h"",6,669.533820624468,0.74265,0.7335,6.272,7.0378,1.4844,73.3171,4.4766,7.4121"
"Lachides_galba,1,"" -h"",5.5,298.161283074935,0.7408,0.7157,35.7749,30.8957,0.4056,15.1933,9.7663,7.9642"
"Lampides_boeticus,0.5,"" -h"",7,448.97951025803,0.82095,0.7587,9.143,64.7902,10.0925,3.8404,6.4885,5.6452"
"Lycaena_alciphron,0.5,"" threshold=false -p -h"",7,905.776891102966,0.80665,0.80635,23.2087,35.8994,9.4118,5.4435,2.242,23.7947"
"Lycaena_asabinus,1.1,"" -q"",27.5,897.667858917556,0.80105,0.7215,27.5634,27.0787,20.3322,3.2731,0.6306,21.1219"
"Lycaena_candens,1.2,"" -h"",4,329.603282710033,0.84725,0.795,66.5267,8.1116,0.7853,16.79,3.0588,4.7276"
"Lycaena_lampon,0.5,"" -p -h"",8,1064.17600150637,0.79845,0.7171,7.2136,12.5787,10.7576,5.6872,8.8133,54.9497"
"Lycaena_lamponides,1,"" -h -q"",5,683.662497180713,0.73515,0.7071,4.3432,47.284,22.7895,0.3111,17.4428,7.8294"
"Lycaena_ochimus,1.4,"" -h"",6,831.525821515368,0.80705,0.7439,1.8187,17.8499,61.2573,0,4.5392,14.5349"
"Lycaena_phlaeas,1,"" threshold=false -p -h"",8.5,2424.0301657608,0.71775,0.7017,33.7641,14.2128,0.1852,2.3144,26.714,22.8095"
"Lycaena_thersamon,1.5,"" -p"",24.5,2413.32546082477,0.77175,0.73085,41.805,29.1877,5.0693,5.963,10.977,6.998"
"Lycaena_thetis,0.6,"" -h"",7,665.64849801087,0.8374,0.7736,7.639,47.0426,31.4065,0.3986,9.7319,3.7813"
"Lycaena_tityrus,0.6,"" threshold=false -h"",7.5,1004.64572398699,0.90295,0.91355,12.7328,46.4586,26.1611,0.9526,4.9276,8.7674"
"Lysandra_bellargus,0.9,"" threshold=false -p -h"",8,1985.85804601519,0.76565,0.7192,25.8978,21.6331,38.387,1.3247,9.0631,3.6943"
"Lysandra_corydonius,0.8,""autofeature=true"",2,147.65012329333,0.69675,0.8642,33.3272,4.8471,10.1135,8.869,15.7654,17.0778"
"Neolysandra_coelestina,0.5,"" -h"",6.5,284.992374432102,0.92575,0.82935,8.4049,43.5234,25.7641,9.9055,7.9902,4.4119"
"Neolysandra_corona,0.9,"" -h"",6,466.828271192106,0.8651,0.83895,22.912,21.5354,0.6044,33.9967,17.0995,3.8519"
"Plebejus_afshar,1.4,""autofeature=true"",4,192.679975561309,0.86915,0.85935,0.1538,7.2082,22.3914,5.5507,5.3393,59.3566"
"Plebejus_alcedo,0.7,"" -p -h"",8,1579.27909612938,0.7802,0.7588,14.4054,14.4204,39.3437,23.56,2.335,5.9356"
"Plebejus_christophi,1.4,"" threshold=false -q"",23,1190.22497593258,0.76605,0.7268,9.1955,18.7149,11.5478,26.0898,25.5611,8.8909"
"Plebejus_idas,0.5,"" -h -q"",4,397.145276455509,0.7762,0.7174,37.9431,7.927,24.0675,5.1048,2.7406,22.2171"
"Plebejus_loewii,0.5,"" threshold=false -h"",16,3578.53394436802,0.7373,0.7043,20.9408,16.5505,19.48,15.0676,14.377,13.584"
"Plebejus_morgiana,0.8,"" threshold=false -h -q"",12.5,1948.91692469384,0.79425,0.7614,21.1758,12.0419,19.8251,16.602,8.8073,21.5479"
"Plebejus_sieversii,1,"" -h -q"",5,526.809174917173,0.78865,0.7532,35.0021,10.7602,0.0749,19.1976,30.6681,4.2971"
"Plebejus_vaneki,1.3,"" -h"",3.5,182.391881528874,0.89725,0.85125,0.4117,2.431,55.8839,0,12.3234,28.9499"
"Polyommatus_actis,0.8,"" threshold=false -p -h"",7,1066.3482233812,0.82005,0.7981,3.0312,15.0736,74.0078,0.0603,5.8023,2.0248"
"Polyommatus_aedon,1.3,"" -h"",5,391.846354351602,0.8706,0.8514,19.33,11.1218,2.2798,49.3559,10.0775,7.8348"
"Polyommatus_ahmadi,1.3,"" -h"",5,434.026440181043,0.77505,0.748,2.99,24.9717,26.7768,0.0068,16.0147,29.24"
"Polyommatus_alcestis,0.5,"" -h"",8,994.321634307933,0.76165,0.7346,53.0518,15.7563,0.5464,21.2319,3.3716,6.042"
"Polyommatus_amandus,0.8,"" -h"",7,764.077575113639,0.8598,0.82415,10.3535,21.9941,42.6706,0.0207,22.8599,2.1012"
"Polyommatus_antidolus,1,"" -q"",3,221.511727802474,0.7255,0.7289,41.1607,10.6449,13.9803,0,23.4471,10.767"
"Polyommatus_ardschira,1.1,"" -h"",4.5,310.157172009467,0.8447,0.82065,74.1024,6.0894,3.6464,13.3754,1.3569,1.4295"
"Polyommatus_aserbeidschana,0.5,"" -h -q"",4,242.384192620321,0.73985,0.71135,30.993,29.3562,2.5983,3.0254,0.0896,33.9375"
"Polyommatus_baltazardi,1.3,""autofeature=true"",4,206.399050512745,0.84145,0.7712,10.0708,14.2947,45.4596,10.8881,5.3154,13.9714"
"Polyommatus_barmifiruze,0.6,"" -q"",4,199.847636336794,0.9146,0.82645,84.4358,1.9039,7.2371,2.7599,1.4384,2.2249"
"Polyommatus_birunii,0.5,"" -h"",7.5,711.883207068405,0.8303,0.8121,17.6586,42.611,21.7347,10.8854,2.3392,4.771"
"Polyommatus_caerulea,0.5,"" -h"",7,303.710538246512,0.96535,0.97375,3.2005,21.195,35.2601,0.113,35.9429,4.2885"
"Polyommatus_cyanea,1.3,"" threshold=false -p"",26,1233.3449408892,0.7399,0.7061,31.7249,22.9313,22.9132,3.7489,4.974,13.7077"
"Polyommatus_damonides,1.5,"" -p -q"",20,971.767291592724,0.8933,0.89115,26.6134,35.2907,12.0373,4.9914,17.1838,3.8834"
"Polyommatus_daphnis,1.5,"" -p"",26,2164.66375397669,0.8262,0.7864,5.819,51.13,6.7149,28.2506,1.8955,6.1901"
"Polyommatus_darius,0.9,"" -h"",5,413.592398601753,0.77985,0.72695,4.8729,57.4987,15.2118,11.9236,6.936,3.557"
"Polyommatus_demavendi,0.5,"" -h"",5.5,284.954775545565,0.7444,0.70625,16.3116,48.0221,6.5733,11.8254,9.7633,7.5043"
"Polyommatus_dizinensis,0.7,"" -q"",20,278.360671912644,0.87255,0.7728,22.2008,24.3686,5.9365,10.0512,28.9976,8.4454"
"Polyommatus_eckweileri,0.6,""autofeature=true"",3,125.930849214433,0.93195,0.82085,0.5053,47.2461,24.3496,2.7876,9.7035,15.4078"
"Polyommatus_ectabanensis,1,"" -h -q"",3.5,290.856831078599,0.78815,0.7216,17.976,25.992,33.334,6.7513,12.0619,3.8847"
"Polyommatus_eriwanensis,1.3,""autofeature=true"",3,166.27677185871,0.8185,0.79885,20.7072,16.351,0,25.2707,32.7948,4.8765"
"Polyommatus_erotulus,1.1,"" -h"",3,204.911374084869,0.78735,0.83705,0.6503,0.0704,63.4196,34.3395,1.3555,0.1648"
"Polyommatus_erschoffii,0.7,"" -h"",7,603.676314683865,0.87025,0.82865,6.79,49.081,30.077,1.2235,5.673,7.1556"
"Polyommatus_esfahensis,1.2,"" -h -q"",2.5,256.799563685986,0.6982,0.74535,13.547,0.164,29.5633,0,56.6683,0.0575"
"Polyommatus_femininoides,1.1,"" -q"",25,359.436144060095,0.8228,0.7601,11.0072,29.9187,5.5684,9.2975,14.1328,30.0754"
"Polyommatus_glaucias,1.4,"" -q"",14,557.371139049766,0.8031,0.73235,17.0598,15.5887,9.2308,38.3046,5.885,13.9311"
"Polyommatus_hamadanensis,0.8,"" -h"",8,860.488460840179,0.7604,0.7391,37.4005,22.5704,23.4013,0.9367,6.5829,9.1083"
"Polyommatus_icarus,1.1,"" -p -q"",47,5611.48909851983,0.7764,0.75135,15.8263,11.1854,46.8406,7.9045,6.4965,11.7467"
"Polyommatus_iphidamon,0.8,"" -h"",7,662.239908985026,0.9051,0.8387,4.3856,32.4932,23.0295,0.0045,23.0641,17.0232"
"Polyommatus_Iuna,0.7,""autofeature=true"",2.5,127.187510184273,0.8392,0.8976,8.1077,0,10.3736,0.0189,56.4125,25.0872"
"Polyommatus_karinda,1.4,"" -h -q"",3.5,370.540158162077,0.6809,0.7087,51.7376,6.0175,0,4.3471,32.0671,5.8307"
"Polyommatus_kendevani,0.5,"" -h"",5,283.923968243348,0.8653,0.78355,30.0496,35.5005,9.6498,1.6133,12.2962,10.8907"
"Polyommatus_khorasanensis,1.3,"" -h"",4.5,397.686911106102,0.7816,0.72215,11.575,9.8114,50.3992,6.4802,7.1883,14.5458"
"Polyommatus_lorestanus,0.8,"" -h"",7,732.195302936926,0.8213,0.80165,17.7994,48.6387,0.3614,21.0553,6.9993,5.1459"
"Polyommatus_marcida,1.4,""autofeature=true"",18.5,670.180253975913,0.7823,0.702,5.0225,14.1123,9.0055,25.2576,22.8001,23.8019"
"Polyommatus_mofidii,0.9,"" -q"",3.5,210.814251227409,0.87265,0.7392,10.4127,5.0976,30.68,9.7823,22.1994,21.828"
"Polyommatus_morgani,1.3,"" -h -q"",3,333.702087024334,0.70555,0.72795,22.741,26.5409,15.7767,10.1123,12.8043,12.0246"
"Polyommatus_musa,0.5,"" -h -q"",4,296.403513421813,0.8682,0.84695,6.7782,55.4227,3.7002,0.1963,6.7031,27.1995"
"Polyommatus_myrrha,1.2,""autofeature=true"",4,183.030534938971,0.82075,0.81565,19.2297,37.1695,13.8507,25.8894,0.0875,3.7733"
"Polyommatus_peilei,1,"" -h -q"",4,324.968737678842,0.80915,0.70255,2.329,76.7248,9.3969,0,2.8274,8.7219"
"Polyommatus_pfeifferi,0.7,"" -h"",6.5,398.355595933998,0.89265,0.866,65.3924,2.341,0,24.4365,4.3746,3.4555"
"Polyommatus_phyllides,1.4,""autofeature=true"",2.5,217.069050006968,0.7678,0.87105,25.2916,30.2353,18.9152,9.6224,15.8385,0.097"
"Polyommatus_phyllis,1.2,"" -h"",4.5,375.938101161787,0.7867,0.78365,2.2624,41.8432,16.7284,4.6544,1.8846,32.627"
"Polyommatus_pseudoxerxes,0.6,""autofeature=true"",38,281.469384120075,0.9767,0.9464,8.8476,42.8163,0.7102,3.4291,22.7305,21.4663"
"Polyommatus_ripartii,1.4,""autofeature=true"",3.5,185.59384660347,0.8618,0.87035,3.6487,14.7507,61.0581,0,4.781,15.7615"
"Polyommatus_rovshani,1.2,""autofeature=true"",3,222.642531124769,0.6941,0.7765,0.1191,0.2967,19.1613,45.4205,14.6612,10.3412"
"Polyommatus_sennanensis,1.5,"" -h"",6,513.287486324753,0.72695,0.7537,5.1208,49.9834,4.1729,5.1772,1.7488,33.7969"
"Polyommatus_shirkuhensis,1.3,"" -h"",4,306.331714545031,0.905,0.8899,0.0454,2.4675,0.5561,53.5849,2.4527,40.8934"
"Polyommatus_stempfferi,1.1,"" -h -q"",3,334.348064491676,0.81125,0.7509,25.0096,15.9704,32.9354,6.8384,1.1098,18.1364"
"Polyommatus_tenhageni,1.4,"" -h -q"",3,277.382610002167,0.71835,0.7024,39.8476,0.7226,10.1076,0.3869,30.9398,17.9955"
"Polyommatus_thersites,0.5,"" -h"",7.5,1169.08542403935,0.7581,0.7289,10.1968,55.8266,6.7841,0.3621,9.8285,17.002"
"Polyommatus_transcaspica,0.5,""autofeature=true"",5,203.468256339639,0.9418,0.95915,17.5248,24.2886,28.8174,0.875,24.749,3.7452"
"Polyommatus_valiabadi,1,""autofeature=true"",3,226.219673571945,0.6641,0.7384,17.2109,10.7821,0.189,19.7085,25.6256,16.4838"
"Polyommatus_vanensis,0.5,"" -h"",7,1066.84521889818,0.87005,0.8471,2.1249,42.3288,48.3643,0.2863,4.4836,2.4122"
"Polyommatus_zarathustra,1.4,""autofeature=true"",2,95.2390442473028,0.7555,0.75625,40.5567,0.2022,0,7.9371,10.3986,40.9055"
"Pseudophilotes_vicrama,0.7,"" threshold=false -p -h"",8.5,1985.81682172536,0.7474,0.71535,7.6497,24.1774,24.0131,0.0103,9.8178,34.3315"
"Rimisia_miris,0.8,"" -h -q"",5,497.294207124413,0.7601,0.72025,15.6086,28.6904,17.2157,3.0779,15.0253,20.382"
"Satyrium_abdominalis,0.5,"" threshold=false -h"",8,1383.06096871896,0.73085,0.7024,22.615,12.1523,8.4625,0.1821,21.4312,35.157"
"Satyrium_hyrcanica,1.2,"" -h"",6,711.074853373063,0.79145,0.7365,18.2977,33.3526,1.309,0.0088,16.8099,30.2221"
"Satyrium_marcidus,1.3,"" -q"",14,277.889661714974,0.9338,0.8943,34.4542,16.2514,1.5973,1.8486,38.5796,7.2688"
"Satyrium_mirabilis,1.2,"" -h -q"",5,585.768697756473,0.7117,0.71255,14.3123,41.1078,4.0895,1.4104,9.8146,29.2654"
"Satyrium_persepolis,0.6,"" -h"",7,636.281265347905,0.8021,0.7385,20.8719,21.0117,0.1319,17.4701,15.8322,24.6822"
"Satyrium_sassanides,0.6,"" -h"",8,704.141456867927,0.8074,0.77725,66.332,8.983,10.0633,1.5281,9.517,3.5766"
"Tarucus_balkanica,0.8,"" -p -h"",8,1233.37824850454,0.7512,0.73065,5.474,41.163,2.1595,33.0523,11.8349,6.3164"
"Tarucus_rosacea,1.3,"" -h -q"",5,576.441580397693,0.7714,0.76135,3.6398,2.7792,13.5686,70.0445,8.6953,1.2727"
"Tomares_callimachus,1.5,"" -q"",14,815.07018775957,0.77625,0.71595,17.422,33.2452,9.7805,5.7892,25.1061,8.657"
"Tomares_romanovi,0.8,"" -h"",7,701.376876610884,0.76275,0.70355,38.0563,34.8368,8.8189,5.4173,4.4495,8.4212"
"Turanana_anisophtalma,0.9,"" -h"",6,875.837513985998,0.8386,0.7923,2.0357,27.1979,44.2476,6.9731,2.6558,16.89"
"Turanana_cytis,0.8,"" -h -q"",5,545.469773796728,0.85345,0.80155,37.513,10.2314,39.6326,5.5686,5.2655,1.7889"
"Turanana_endymion,1.4,"" -h"",13,1662.53284477129,0.8053,0.76915,9.6501,10.0686,34.0675,11.8858,12.3871,21.9409"
"Zizeeria_karsandra,1.3,""autofeature=true"",28.5,658.961965488256,0.7952,0.7212,6.8406,7.5657,9.1104,58.5352,2.1254,15.8228"
"Adscita_obscura,1,"" -h"",6,418.588354375529,0.84745,0.79785,57.8902,14.7007,0.6509,2.285,17.3134,7.1598"
"Aplocera_obsitaria,1.4,""autofeature=true"",14,506.162014050346,0.9163,0.8643,23.5528,27.4686,0.3338,1.8814,29.3495,17.414"
"Aplocera_plagiata,0.7,"" -h"",8,813.902595018193,0.82475,0.74885,4.1281,15.4358,43.3504,1.2279,2.4897,33.3682"
"Brachyglossina_chaspia,1.3,""autofeature=true"",2.5,151.393934792579,0.76665,0.7838,3.2982,15.1516,3.5177,7.2527,32.1894,38.5905"
"Camptogramma_bilineata,0.8,"" -h"",8,709.810838294465,0.82075,0.80375,14.4533,29.2151,6.7802,0.4176,31.0937,18.0401"
"Cataclysme_riguata,0.6,"" -h"",6.5,403.663276851305,0.90355,0.8718,11.43,18.2204,17.2038,0.8987,6.4212,45.8259"
"Catarhoe_arachne,1.3,""autofeature=true"",2.5,150.911056363941,0.7484,0.75085,7.7362,2.5373,38.5325,3.1308,31.3468,6.7163"
"Catarhoe_permixtaria,1.3,"" -h"",5,419.090828696112,0.7608,0.73125,6.9221,38.5058,1.8826,7.4101,2.6474,42.6319"
"Catarhoe_putridaria,1,""autofeature=true"",2,224.172787694065,0.7063,0.71335,1.1276,14.8461,30.362,14.1012,10.8327,28.7303"
"Catarhoe_renodata,1.3,"" -h"",3,265.529175326496,0.8527,0.8533,58.621,7.2144,6.3426,22.1854,0.7376,4.8989"
"Catarhoe_rubidata,1,"" -h -q"",3,273.841581409093,0.8907,0.8843,65.7397,0.0784,1.2398,2.9478,5.4427,24.5517"
"Chiasmia_aestimaria,1.3,"" -h -q"",3,288.94409903199,0.8981,0.90905,0.7472,0.2938,0,54.1231,41.2665,3.5694"
"Cidaria_fulvata,1.2,"" -h -q"",3,269.534226323687,0.8102,0.78965,38.8155,0.1966,15.8238,15.9457,2.5921,26.6264"
"Cosmorhoe_ocellata,0.8,""autofeature=true"",2,168.433894716287,0.73705,0.7197,8.1384,0,44.4908,0.0129,13.6425,33.7154"
"Costaconvexa_polygrammata,0.5,"" -h -q"",4,209.824011436336,0.86105,0.7252,1.4015,38.0977,0.6676,38.9277,17.0137,3.8918"
"Ennomos_quercaria,0.6,"" -h -q"",3,256.885718003768,0.67615,0.79685,1.6841,3.9684,3.9208,2.2651,82.1302,6.0313"
"Entephria_catochra,1.1,""autofeature=true"",2.5,150.030463331635,0.7496,0.74805,0.1404,70.2234,0,5.6662,22.8964,1.0736"
"Euphyia_frustata,0.8,"" -h"",6,532.448856647945,0.7832,0.73805,14.6269,19.5953,45.273,15.9841,1.1012,3.4195"
"Euphyia_obvallata,1,""autofeature=true"",4,192.435568100591,0.72515,0.70545,4.5978,30.4857,18.2052,28.4142,2.376,15.9212"
"Eupithecia_brunneata,1.3,""autofeature=true"",2.5,199.811414518056,0.7474,0.70565,2.4912,0.0583,8.6595,80.3725,6.3599,2.0586"
"Gnopharmia_colchidaria,1.3,"" threshold=false -h"",9.5,1989.25166331755,0.7179,0.7143,28.4005,21.7486,4.1385,25.2784,14.0569,6.3771"
"Gnopharmia_irakensis,0.8,"" -h"",8,865.171006415987,0.7486,0.74775,16.4601,41.7082,0.2653,6.14,2.7978,32.6286"
"Gnopharmia_kasrunensis,0.8,"" -h"",7,773.955174822081,0.7974,0.7793,25.2211,8.4916,0.2121,33.4148,24.2567,8.4035"
"Gnophosema_isometra,1.4,""autofeature=true"",3,217.758573645472,0.77145,0.7396,0.2523,1.4164,10.8271,56.9374,15.3657,15.2011"
"Gnophosema_palumba,0.8,"" -h -q"",3,207.828325486107,0.8391,0.7408,39.4104,6.3815,42.0647,1.9509,4.299,5.8934"
"Gymnoscelis_rufifasciata,1.3,"" -h"",6,417.033838916483,0.8205,0.795,16.0864,10.5128,0.0256,16.3696,47.2041,9.8016"
"Hemidromodes_sabulifera,1.4,"" -h -q"",3,248.673047352079,0.78355,0.74815,52.1109,1.6924,7.8414,0,33.6404,4.7149"
"Heteroculpinia_pasargades,0.5,"" -h"",7,550.030917636721,0.8136,0.7484,29.9423,21.3532,9.1568,2.7803,1.4835,35.284"
"Heteroculpinia_prouti,1,"" -h"",4.5,294.996358682736,0.833,0.79265,0.8276,2.5163,3.1498,0,81.3453,12.161"
"Hydrelia_chionata,1.3,""autofeature=true"",1.5,129.061845256338,0.74675,0.7784,0,65.7616,0,12.316,0.5283,11.3941"
"Hydria_montivagata,1.1,"" -h"",4,384.935942154637,0.71845,0.72465,3.9244,15.0711,15.9949,0,28.9214,36.0882"
"Hyperythra_swinhoei,1.3,""autofeature=true"",2,147.312373470209,0.7876,0.726,0.4455,0.1693,0,65.6742,14.1565,19.5545"
"Idaea_camparia,0.5,""autofeature=true"",4,177.329563408989,0.86465,0.7759,7.4516,14.1191,1.4336,14.1706,57.3311,5.494"
"Idaea_degeneraria,0.5,"" -h -q"",5,281.040348619212,0.85085,0.9047,19.1819,9.1965,1.302,5.7647,57.5139,7.041"
"Idaea_ossiculata,1.5,"" -h"",4,252.114137891547,0.7962,0.7873,5.5483,28.2192,29.9564,22.2409,3.8516,10.1836"
"Idaea_persidis,1,""autofeature=true"",2,168.153654983661,0.74965,0.77675,35.8468,36.7095,1.5427,10.6313,8.6775,6.5922"
"Idaea_proclivata,1,""autofeature=true"",5,106.542540713569,0.9498,0.9814,32.5982,12.5239,0.9286,0,4.0609,49.8883"
"Idaea_rufaria,0.8,"" -h -q"",3.5,247.90649316232,0.8489,0.8207,18.0625,29.5048,18.1368,0.3536,23.4024,10.5398"
"Idaea_rusticata,0.8,""autofeature=true"",3,190.962142984951,0.7194,0.75195,0.3978,34.0996,0.0542,3.0168,47.7164,14.7153"
"Jordanita_anatolica,0.5,"" -h"",7,322.969294284698,0.8638,0.80315,38.0929,5.9752,5.3447,22.7279,10.3765,17.4828"
"Jordanita_graeca,1.2,""autofeature=true"",2,148.906950979231,0.8051,0.7027,59.9946,10.1595,0.3164,8.4087,0,21.1207"
"Jordanita_horni,1.4,"" -q"",2,251.212165362855,0.82595,0.8661,15.9049,3.6155,7.733,14.5222,6.1705,52.0539"
"Jordanita_kurdica,1.3,"" -q"",2,232.916916091667,0.85945,0.7804,18.724,8.8821,3.3138,4.0208,0.0762,64.983"
"Jordanita_notata,1.3,""autofeature=true"",2,147.72478711522,0.7854,0.75785,10,0.1022,0,35.4879,44.4284,9.9814"
"Lithostege_buxtoni,0.8,""autofeature=true"",3,130.285675075971,0.7868,0.7374,16.6144,5.7271,1.0681,19.3051,47.2575,10.0278"
"Lithostege_palaestinensis,1.5,"" -h"",3,209.09006883748,0.88785,0.8103,3.7929,0.5345,14.8884,64.5206,11.4036,4.86"
"Lulavia_multipunctata,1.1,""autofeature=true"",2,148.929918041126,0.7483,0.81865,6.8693,1.1676,0,30.6744,23.4581,37.8306"
"Microloxia_herbaria,1.2,"" -h"",4.5,279.606173565264,0.8149,0.81685,8.5676,15.8268,0.5236,1.8158,58.0842,15.182"
"Nebula_reclamata,1,""autofeature=true"",2,105.40226493067,0.85725,0.891,67.1163,18.9506,5.8019,5.3172,2.5025,0.3114"
"Neognopharmia_stevenaria,1.2,""autofeature=true"",5,172.66155984133,0.92165,0.95135,23.2319,3.45,0.0183,6.7364,41.3679,25.1955"
"Neromia_pulvereisparsa,1,""autofeature=true"",4,201.702412600707,0.76725,0.7453,11.883,9.1817,11.1724,0.1307,53.7779,13.8543"
"Neromia_simplexa,1.2,""autofeature=true"",2,150.599114045127,0.70805,0.8987,1.7266,8.0517,4.8605,45.5979,8.0569,31.7064"
"Nychiodes_admirabila,1.2,""autofeature=true"",2,77.0205052592382,0.7608,0.89875,0,25.8965,4.9464,0,0.5464,48.6107"
"Nychiodes_divergaria,0.7,"" -p -h"",8,1319.53841169373,0.78835,0.7347,61.5416,14.4437,2.0303,2.4991,12.2262,7.259"
"Nychiodes_leviata,1.1,""autofeature=true"",2,151.235943184809,0.7777,0.8176,7.6339,8.3473,16.3355,0.7588,19.9369,46.9876"
"Nychiodes_subvirida,1.1,"" -h -q"",4,497.9888922053,0.7458,0.7207,18.7084,14.8347,14.6076,1.6022,8.3663,41.8808"
"Opisthograptis_luteolata,1.4,""autofeature=true"",2,144.305323183,0.7845,0.73305,0,3.8301,0,68.9347,17.0962,10.139"
"Orthonama_obstipata,0.8,"" -h"",6,508.833853137152,0.72255,0.71115,16.5817,9.17,0.0844,63.4942,6.964,3.7057"
"Orthostixis_cribraria,1,""autofeature=true"",2,115.769998195808,0.7411,0.70465,0,31.6113,1.5583,54.0159,12.0925,0.722"
"Oulobophora_externaria,1.4,""autofeature=true"",4,223.507493185858,0.72875,0.7801,2.1141,9.8933,2.2689,46.0873,20.1499,19.4865"
"Ourapteryx_persica,1.1,"" -h -q"",4,550.173074995741,0.69485,0.71525,21.0645,22.9408,5.3911,5.8701,37.8514,6.8821"
"Pasiphila_hyrcanica,0.6,""autofeature=true"",2,94.3076615633135,0.85395,0.74995,45.5661,1.4552,0.0968,39.551,10.3313,2.9996"
"Pasiphila_palaearctica,1.1,""autofeature=true"",2,146.278348594962,0.72055,0.84015,0,4.7419,2.9237,53.2618,19.0637,10.009"
"Peribatodes_rhomboidaria,0.7,"" -h -q"",4,265.841975245301,0.87175,0.912,2.4999,16.7149,1.747,3.2407,69.5136,6.284"
"Peribatodes_umbraria,0.8,"" -h"",6,315.335595406136,0.8785,0.8484,13.3962,25.8743,2.08,1.3648,55.5704,1.7144"
"Phaiogramma_etruscaria,1.3,""autofeature=true"",20,896.04512461,0.8619,0.8157,12.0919,40.0657,16.7632,9.4532,11.5602,10.0659"
"Phaselia_pithana,1.3,""autofeature=true"",2,187.585893579288,0.7144,0.7907,16.7866,26.4404,24.8347,9.9713,14.7879,7.1791"
"Philereme_transversata,0.5,"" -h"",6,251.031012878583,0.809,0.8154,7.6993,19.5019,0.9417,5.4997,58.0765,8.281"
"Pingasa_lahayei,0.7,"" -h"",8,950.688068018645,0.83505,0.81375,10.1889,2.771,0.038,73.136,8.4799,5.3861"
"Problepsis_wiltshirei,0.6,"" -h -q"",4.5,267.294017754271,0.9133,0.9062,70.806,0.5597,3.7475,0.0256,4.726,20.1351"
"Protorhoe_centralisata,1.5,"" -h"",6,476.62486729861,0.79745,0.80775,14.8775,5.1216,5.5819,44.9574,5.7641,23.6974"
"Protorhoe_tangaba,1,""autofeature=true"",3.5,141.837349713071,0.72025,0.7438,2.5261,36.6566,0,4.9239,33.8467,22.0467"
"Rhagades_brandti,0.8,"" -h"",5,412.337118878749,0.8141,0.8055,5.0714,36.6854,3.1064,0.4691,49.7677,4.9"
"Rhodometra_sacraria,1,"" -h"",6,504.448779217808,0.7479,0.73075,4.684,8.7693,0.073,76.3543,8.3174,1.8019"
"Rhodostrophia_abscisaria,1,""autofeature=true"",3.5,210.23852901697,0.8262,0.89665,40.3223,12.9555,33.122,1.7535,2.7936,9.053"
"Rhodostrophia_auctata,0.5,"" -h"",8,588.983049766095,0.8894,0.83455,15.8986,21.7987,1.754,48.0866,2.2116,10.2505"
"Rhodostrophia_bahara,1.5,"" -h -q"",2,234.794866674816,0.82155,0.7265,0.2175,1.9808,17.4597,0,79.9022,0.4398"
"Rhodostrophia_cuprinaria,1.3,"" -h"",5.5,376.645643438583,0.81025,0.73915,1.0875,38.404,21.6338,0,35.6413,3.2334"
"Rhodostrophia_iranica,1.1,""autofeature=true"",4,178.538545593705,0.88665,0.86675,21.8603,13.1788,3.287,42.1235,9.2713,10.2792"
"Rhodostrophia_nesam,1,"" -h -q"",5,663.759622217716,0.79835,0.71325,9.1251,9.4057,14.6709,0,47.4773,19.321"
"Rhodostrophia_peripheres,1.5,"" -h -q"",4,469.238043310392,0.8247,0.7625,85.777,2.7814,0.2435,0.3413,2.5603,8.2965"
"Rhodostrophia_phaenicearia,1,""autofeature=true"",20,725.155147473826,0.75065,0.70165,9.0298,35.2664,5.9375,26.4686,16.9163,6.3814"
"Rhodostrophia_sieversi,1.1,""autofeature=true"",4,227.533089206024,0.72365,0.7304,4.3815,5.9575,0.2069,28.7648,46.4987,14.1906"
"Rhodostrophia_tabestana,1.4,"" -h -q"",3,355.43989489789,0.79975,0.74665,28.0484,9.1519,33.2353,0,5.9772,23.5872"
"Rhodostrophia_terrestraria,1.4,"" -h"",7,702.425409927416,0.89545,0.8938,3.9892,20.1803,67.7124,0,7.6918,0.4263"
"Rhodostrophia_tumulosa,0.8,"" -h"",6,564.72458420712,0.84895,0.82135,50.1726,3.0189,28.4459,8.7556,1.6617,7.9453"
"Sabzia_graminaria,1.3,"" -h"",5,333.81060249942,0.8745,0.84065,13.2283,26.0108,19.9964,2.1236,0.3317,38.3092"
"Scopula_ansulata,0.9,""autofeature=true"",3,158.73222542012,0.846,0.83615,0.7184,14.7163,40.9581,18.2183,25.3851,0.0038"
"Scopula_beckeraria,1.2,"" -p"",28.5,1904.98427741808,0.8287,0.773,23.6204,31.7094,4.7771,3.3092,4.1927,32.3912"
"Scopula_chalcographata,1.4,"" -h -q"",4.5,515.384710387451,0.7481,0.72115,11.067,6.1273,12.5625,39.4909,25.148,5.6042"
"Scopula_decorata,0.6,"" -h"",7,493.730491037377,0.8432,0.72385,29.104,21.7503,26.9023,0.409,10.1364,11.698"
"Scopula_diffinaria,0.9,"" -h"",5.5,416.096799224821,0.77745,0.7635,5.4755,36.9507,15.5594,0.8698,2.6627,38.4818"
"Scopula_flaccidaria,0.9,""autofeature=true"",3,130.930423964599,0.9348,0.92125,6.1835,0.3152,0.1155,34.3396,58.2935,0.7527"
"Scopula_gracilis,1.2,"" -h"",4,279.175834782915,0.74785,0.7192,2.7226,5.3295,9.2443,7.0983,67.8204,7.7849"
"Scopula_immistaria,0.9,"" -h"",8,759.693235951469,0.87845,0.8511,42.6195,16.9287,7.5094,23.0604,1.3304,8.5516"
"Scopula_marginepunctata,1.5,"" threshold=false -p"",21.5,1496.02100266433,0.82745,0.7775,9.467,44.1997,15.1864,1.6089,3.3941,26.1439"
"Scopula_ornata,0.5,"" -h"",7,351.654417059239,0.86415,0.7439,26.5658,22.1482,0.7891,9.3125,38.1146,3.0698"
"Scopula_sacraria,0.9,"" -h"",7,845.967883698035,0.73915,0.70185,66.5913,21.0867,0.2394,4.6079,2.1171,5.3577"
"Scopula_transcaspica,1.5,"" -q"",22.5,1408.53485979372,0.78405,0.72745,7.2465,24.7436,8.1067,1.8949,10.7029,47.3053"
"Scopula_turbulentaria,1.2,"" -h"",6,425.180810538827,0.7735,0.75825,3.7087,21.0733,0,29.6242,38.9847,6.609"
"Scotopteryx_fuscofasciata,1.2,"" -h"",6,544.093829219323,0.858,0.84855,12.4712,21.4078,16.024,2.0535,8.284,39.7595"
"Scotopteryx_sterilis,1.4,"" -h"",3.5,284.454434140687,0.7882,0.77225,5.4793,5.8555,0,79.9012,7.2013,1.5626"
"Scotopteryx_vicinaria,1.2,"" -h -q"",3,379.077237475717,0.7377,0.737,12.8349,27.1853,25.419,32.796,0,1.7648"
"Selenia_forsteri,1.4,""autofeature=true"",3,121.486536189527,0.88135,0.733,2.1025,6.2953,10.0444,28.3412,37.5054,15.7112"
"Stamnodes_depeculata,1.2,""autofeature=true"",3,210.483023468462,0.94895,0.93015,29.0658,0.7423,15.537,37.8241,0.0532,16.7777"
"Synopsia_phasidaria,0.7,"" -h"",7.5,569.815990469404,0.89005,0.84305,34.4846,17.7616,18.6819,20.9011,3.1776,4.9933"
"Thalera_fimbrialis,0.6,"" -h"",7,678.014594169714,0.8655,0.87245,30.2711,10.5848,15.0533,12.581,1.277,30.2328"
"Thetidia_crucigerata,1.1,"" -h"",6,412.323880569154,0.7015,0.71935,34.2167,33.5833,0.6771,6.0291,11.3958,14.0979"
"Thetidia_fulminaria,0.5,"" -h"",6.5,392.437278764919,0.8282,0.83795,14.6502,18.3301,22.0259,0.4953,21.522,22.9765"
"Thetidia_persica,1.3,"" -h"",5,844.822195045653,0.7888,0.73155,9.1036,14.6826,22.4814,24.6348,0.1924,28.9051"
"Triphosa_silviae,1.4,"" -h"",4,275.924078182087,0.86805,0.9015,45.338,18.2466,2.6215,0.0554,23.199,10.5395"
"Triphosa_taochata,1.4,""autofeature=true"",2,144.935415805071,0.8889,0.9368,0.8239,0.1576,36.9679,0,42.2319,19.8187"
"Xanthorhoe_designata,1.5,"" -h -q"",3,290.879502487807,0.72095,0.7717,0,18.4862,0,27.387,28.9964,25.1304"
"Xanthorhoe_fluctuata,1.3,""autofeature=true"",3,186.873478898329,0.7661,0.7363,5.6539,16.3205,7.6201,25.8407,7.7974,36.7674"
"Xanthorhoe_rhodoides,0.9,""autofeature=true"",2,130.380636298863,0.79485,0.92575,1.1951,10.9975,20.9622,23.9008,31.6024,11.3419"
"Xanthorhoe_wiltshirei,1,"" -h"",5.5,336.265726995579,0.83035,0.81815,4.5665,11.6251,0.0483,20.3204,60.4176,3.0221"
"Zygaena_cambysea,0.7,"" -h"",6,764.630831024732,0.80685,0.7569,24.9795,4.9008,29.7882,34.9282,0.2714,5.1319"
"Zygaena_carniolica,1.1,""autofeature=true"",3,222.816685343053,0.76385,0.7398,32.5885,25.3414,0,14.2436,12.8078,15.0187"
"Zygaena_chirazica,0.5,"" -h"",7,475.514258969946,0.8835,0.8776,17.108,5.0316,36.1919,0,18.4192,23.2494"
"Zygaena_dorycnii,0.6,"" -h"",7,618.797033210968,0.8034,0.78275,7.4197,13.389,0.316,11.4617,56.481,10.9326"
"Zygaena_ecki,0.8,""autofeature=true"",2.5,149.418912824579,0.7325,0.70255,6.2154,13.0834,26.426,3.6031,8.0053,42.6668"
"Zygaena_escalerai,1.2,""autofeature=true"",1.5,219.476171430224,0.7221,0.72295,10.4398,11.7833,26.4752,15.343,1.6664,14.2924"
"Zygaena_fredi,0.5,"" -h -q"",5,611.004974557923,0.8488,0.87425,40.1376,16.4024,5.9841,16.4877,2.2869,18.7013"
"Zygaena_haberhaueri,1,"" -q"",2,219.814144999506,0.7557,0.7003,0.5071,20.5969,13.3561,63.2079,0,2.3321"
"Zygaena_haematina,0.9,"" -h"",4.5,307.136794343945,0.87305,0.8207,4.728,9.1458,11.8852,0.6856,4.8802,68.6753"
"Zygaena_kermanensis,1.4,""autofeature=true"",12.5,658.151921620846,0.8437,0.83305,25.707,10.6869,17.3825,30.3806,5.2868,10.5562"
"Zygaena_loti,1,"" -h"",4,316.868537773136,0.79935,0.725,1.8408,36.0222,18.3066,0,23.3451,20.4852"
"Zygaena_manlia,1,""autofeature=true"",5,190.905126017004,0.8626,0.781,0.8746,54.674,12.1768,1.3557,27.1732,3.7457"
"Zygaena_nocturna,0.9,"" -h -q"",4,291.69540817622,0.7783,0.7127,18.9614,9.4789,36.8694,0,18.994,15.6963"
"Zygaena_pseudorubricundus,0.6,"" -h"",6,289.651987366252,0.85075,0.7855,58.8218,32.2788,0.1093,0.17,3.3349,5.2851"
"Zygaena_rosinae,1.5,"" -h -q"",3,445.130218785693,0.8049,0.72605,1.0182,2.8987,66.1102,2.3973,13.5762,13.9993"
"Zygaena_seitzi,1.1,"" -h"",5.5,372.084795479906,0.72955,0.75015,7.2867,26.0104,51.8723,0,12.3487,2.4818"
"Zygaena_speciosa,1.4,""autofeature=true"",4.5,178.983486927258,0.9622,0.94865,18.7225,8.9343,47.5912,21.9325,0,2.8196"
"Zygaena_tamara,0.6,"" -h"",7,329.421379746226,0.8841,0.8027,33.9921,15.1774,4.557,32.5723,0.8998,12.8014"
"Zygaena_turkmenica,1.3,"" -h"",7,746.361024755516,0.758,0.7277,11.0734,49.7097,13.9647,6.8761,5.0248,13.3513"
"Zygaenoprocris_duskei,1.5,"" -h"",5.5,638.808860593272,0.68345,0.7186,19.5125,8.9031,8.9559,1.052,46.0967,15.4798"
"Zygaenoprocris_hasarani,1.3,""autofeature=true"",4.5,206.34020116136,0.8826,0.84895,10.6404,19.8661,22.0191,0,2.8625,44.6119"
"Zygaenoprocris_kliri,0.9,""autofeature=true"",3,239.278403444475,0.7476,0.72305,0.569,19.3739,9.2481,51.5438,8.7923,10.473"
"Zygaenoprocris_puschmanni,1.3,""autofeature=true"",4,210.021398539755,0.86385,0.90715,33.2074,3.024,35.7078,21.2702,0,6.7905"
"Zygaenoprocris_schahdadiani,1.3,""autofeature=true"",3,136.657395001907,0.9503,0.9748,0.195,9.9976,83.5436,2.9022,0.2318,3.1298"
"Zygaenoprocris_taftana,1.2,""autofeature=true"",2.5,150.604594702542,0.7906,0.71325,9.1216,23.0282,25.7265,0.8873,0.9122,40.3243"
