"Species","Regularization","Features","nParameters","AICc","Training.AUC","Test.AUC","bio13.contribution","bio14.contribution","bio5.contribution","bio6.contribution","bio7.contribution","topology.contribution"
"Aglais_io",0.5," -h",5,300.812770370703,0.72785,0.76575,11.1816,4.7599,4.6184,32.3493,28.8471,18.2437
"Aglais_urticae",0.8," threshold=false -p -h",7,1219.3585111786,0.8195,0.806,10.5724,13.2405,51.4757,0.6209,6.2702,17.8202
"Allancastria_deyrollei",0.7," -h",7,753.055047883189,0.7985,0.7793,25.6852,29.1074,1.3908,27.0762,6.8372,9.9031
"Allancastria_louristana",1.4," -p -q",24.5,978.568876895373,0.73875,0.73605,10.2701,6.0989,1.9656,34.2949,25.2292,22.1414
"Anthene_amarah",1.4,"autofeature=true",2,121.008854870227,0.8801,0.7872,14.4683,0.7147,0,51.6036,10.5634,22.65
"Anthocharis_cardamines",0.8," -h",5,295.623431484909,0.8749,0.84365,2.4765,3.5956,0.4748,63.2281,19.1806,11.0444
"Anthocharis_carolinae",1," -h",5,428.962345116041,0.8014,0.74895,26.2611,13.7343,0.1257,16.1485,38.2059,5.5245
"Anthocharis_damone",1," -h",7,771.516028373084,0.849,0.8301,22.6239,25.858,16.2499,1.4749,6.1984,27.5948
"Anthocharis_gruneri",1.4," -h",6.5,572.35030616274,0.77435,0.70065,18.001,36.7807,5.2682,19.1785,3.6004,17.1712
"Aporia_crataegi",1.3," -h",13,2566.3893232766,0.77945,0.77025,12.4792,12.2936,13.3067,24.8752,6.1006,30.9447
"Aporia_leucodice",0.5," -h",6,321.843182816746,0.8068,0.77785,9.1416,41.0942,1.1927,16.2304,23.6094,8.7317
"Archon_apollinaris",0.9," -h",7,737.836742475414,0.83535,0.81505,22.7152,45.7204,0.8717,15.6946,8.6529,6.3453
"Arethusana_arethusa",1.2,"autofeature=true",3.5,185.626172128107,0.77735,0.87705,5.2901,36.5257,12.5568,0,11.4491,34.1783
"Argynnis_pandora",0.5," threshold=false -p -h",9,2295.85987181463,0.7688,0.7267,16.3271,35.5419,16.5071,0.0909,11.2385,20.2945
"Argynnis_paphia",1.1," -h -q",3.5,454.510779328663,0.71445,0.7139,7.5764,3.1304,0.1627,71.6284,13.7871,3.715
"Aricia_agestis",0.6," -h",14.5,2408.05185902629,0.73145,0.71415,16.4027,20.7476,5.2038,17.9626,18.3775,21.3057
"Aricia_vandarbani",1.1," -h",3,331.404452008814,0.79305,0.769,16.6608,45.0547,14.8977,14.5075,3.4928,5.3865
"Athamanthia_phoenicurus",1.5," -h -q",5,956.44960787685,0.72825,0.70635,2.0518,35.4813,0.6213,1.1275,11.1234,49.5947
"Azanus_ubaldus",0.6,"autofeature=true",2.5,135.93274244977,0.8867,0.879,13.7089,3.744,0,33.4464,47.1899,1.9109
"Belenois_aurota",1," threshold=false -h",7,1149.46596394056,0.6999,0.70475,5.6942,7.5591,0.0796,59.2303,23.4872,3.9495
"Brenthis_daphne",1.3," threshold=false -q",25.5,1212.66626570362,0.87175,0.78685,6.1715,73.9112,3.2226,2.1487,2.6967,11.8493
"Brenthis_mofidii",0.6," -h",8,475.289243186276,0.8402,0.78835,26.8659,22.6448,6.9081,11.5752,3.5999,28.4062
"Brintesia_circe",1.3," -h",5,576.531116130402,0.7385,0.73325,0.105,19.0693,0.0093,22.4656,52.4665,5.8845
"Callophrys_danchenkoi",1.4," -h",5,384.388444117906,0.8479,0.74095,48.6012,16.5709,20.6212,0.7123,11.1547,2.3398
"Callophrys_farsica",1.2," -h -q",3,192.349413050094,0.9206,0.92665,64.4241,9.2336,26.1849,0.0473,0,0.1102
"Callophrys_paulae",1.4," -h",5,596.102761962179,0.8153,0.76775,2.7875,20.6479,65.6971,0.5709,8.8887,1.4079
"Callophrys_rubi",1," -h",6,503.838329184979,0.83125,0.86705,5.0154,32.1571,7.1294,0.0106,48.9742,6.7134
"Carcharodus_alceae",0.7," -p -h",8,1536.87721115068,0.70445,0.70805,6.2123,39.4807,7.4084,1.3267,20.0616,25.5104
"Carcharodus_dravira",0.5," -h",6.5,459.793276193314,0.8003,0.76465,11.3338,40.0956,23.9577,0.0859,16.5097,8.0173
"Carcharodus_orientalis",0.6," -h",8,620.452610965496,0.81285,0.83245,14.6457,21.8854,48.366,1.8772,0.62,12.6058
"Carcharodus_stauderi",1.1," -q",25,329.224317608384,0.8428,0.7111,8.2608,10.607,13.4271,33.3676,6.0232,28.3144
"Catopsilia_florella",0.8," -h -q",3.5,115.098293377982,0.9617,0.94005,27.9366,3.298,3.8225,13.2156,42.9134,8.8139
"Celastrina_argiolus",1.5," threshold=false -h",7,1278.30120496682,0.75955,0.73875,23.3834,9.9439,0,20.338,9.9078,36.4269
"Chazara_bischoffii",0.5," -h",8,631.95406928447,0.84885,0.80155,28.5126,25.6523,3.1534,0.3454,31.5916,10.7447
"Chazara_briseis",1.5," threshold=false -p -q",34,3363.94895708501,0.8038,0.78205,47.772,25.9011,4.4412,6.4284,2.6681,12.7891
"Chazara_enervata",1," -h",6,481.446707435756,0.8476,0.8425,13.6833,37.5703,0.86,0.3584,43.6557,3.8725
"Chazara_persephone",0.7," threshold=false -h",14.5,2108.71704072656,0.7251,0.7024,14.7191,30.2815,11.5282,13.6537,9.3398,20.4776
"Chazara_sieversi",1.3,"autofeature=true",2,145.755091177144,0.86755,0.768,0.4064,0,37.7139,0,39.0331,22.8465
"Chilades_trochylus",1.3," threshold=false -h -q",5,995.65040444529,0.67065,0.73795,9.5852,11.0554,0.2834,15.6031,48.6487,14.8241
"Cigaritis_acamas",1.3," -h",6.5,727.506797796327,0.72965,0.7291,17.8759,43.3921,17.611,5.1602,6.8984,9.0624
"Cigaritis_epargyros",0.5," -h -q",5,407.930700177467,0.67835,0.74715,1.6848,30.4951,1.2447,19.1307,14.7822,32.6624
"Cigaritis_myrmecophila",0.6," -h",7,688.551424622392,0.7441,0.7262,3.746,31.2793,22.5906,0.2854,31.3736,10.7252
"Cigaritis_uighurica",1," -h",7,882.296211725884,0.76505,0.7972,13.2782,10.9779,0.2132,2.955,59.2931,13.2827
"Coenonympha_leander",0.6," -h -q",5,636.583617366843,0.7525,0.7101,9.5379,6.5767,61.2512,15.2148,1.0419,6.3775
"Coenonympha_pamphilus",1.5," -p -q",24,1719.43550449049,0.8233,0.7874,7.7222,45.5545,10.2088,6.7466,26.4993,3.2686
"Coenonympha_saadi",1.2," -p",34.5,2904.62098281165,0.7727,0.7336,20.8836,24.007,4.7714,16.0965,16.1995,18.042
"Colias_alfacariensis",0.8," -h -q",5,975.145439075174,0.7107,0.70475,14.8158,10.6049,19.3898,0,52.8201,2.3693
"Colias_aurorina",0.7," -h -q",13,2006.33446119124,0.80265,0.796,3.1104,17.4447,49.5528,15.2162,12.9083,1.7676
"Colias_chlorocoma",0.6," -h -q",5,420.135187654919,0.75645,0.7567,3.4113,39.2432,35.3991,8.6817,0.6477,12.617
"Colias_croceus",1.5," -p -q",37,3196.69531774174,0.7953,0.74675,40.2639,19.4486,11.7759,4.6101,17.2249,6.6766
"Colias_erate",1.5," -q",20.5,1471.78108924474,0.83265,0.79725,8.8911,11.6772,15.3152,1.8902,58.9403,3.2861
"Colias_sagartia",1.4," -h",6,806.133912006602,0.7599,0.7165,5.8118,7.0474,23.2963,43.8623,0.129,19.8532
"Colias_thisoa",1," -h -q",5,592.84348923803,0.7593,0.723,18.1665,13.3575,44.4321,15.57,1.2427,7.2313
"Colotis_calais",1.2," -h -q",3,129.837549949859,0.86985,0.88675,55.9271,6.5426,2.5561,2.0314,30.0605,2.8822
"Colotis_etrida",1.4,"autofeature=true",3,140.480310777971,0.91515,0.87535,44.7577,6.3999,3.319,18.283,20.7652,6.4751
"Colotis_fausta",1.3," -h",7,1045.58724476733,0.71185,0.71035,30.3818,7.4896,1.5411,46.578,11.2371,2.7724
"Colotis_liagore",1.2," -h -q",2.5,213.915977703403,0.77985,0.7025,48.6368,3.9933,20.3997,2.5891,17.2987,7.0824
"Colotis_phisadia",1.1," -h",3,149.014023050094,0.9267,0.8434,9.6718,8.3399,29.775,0,51.2197,0.9936
"Colotis_protractus",1.4,"autofeature=true",3,201.141360863279,0.8085,0.72095,39.0728,10.1541,16.784,1.2698,24.2328,8.4865
"Colotis_vestalis",1.5," -h -q",3,322.790974302519,0.9016,0.81745,2.5099,1.8368,0.0169,29.7613,64.0714,1.8038
"Cupido_argiades",1,"autofeature=true",2,151.944979751276,0.91025,0.8626,6.1816,0.0805,0,50.8197,42.2132,0.7051
"Cupido_osiris",1.3," -h",5,424.910566783592,0.75005,0.75205,18.5102,24.1365,28.9547,0.9853,13.805,13.6084
"Cupido_staudingeri",0.9," -h",7,740.257379637511,0.8786,0.8484,39.0345,9.6311,36.0269,0.6337,5.6655,9.0083
"Cyaniris_semiargus",0.6," threshold=false -p -h",7,970.52178646967,0.8112,0.7134,15.195,34.4841,44.6495,1.5889,2.2937,1.7887
"Danaus_chrysippus",1," threshold=false -p -h",6,1173.7412323688,0.74625,0.70375,7.5085,1.2929,0.1943,84.0077,5.7684,1.2282
"Eogenes_alcides",1.5," -h -q",3,365.10511377649,0.66585,0.7147,8.67,2.6376,1.4111,51.5018,4.4677,31.3119
"Erebia_iranica",0.8," -h -q",3,163.13471382129,0.80725,0.73445,0.3014,1.4374,0.6495,51.9465,8.8616,36.8036
"Erebia_transcaucasica",0.9," -h",2,117.922704414926,0.8173,0.8481,9.1506,41.5656,16.8385,20.7198,1.7255,0
"Erynnis_marloyi",0.8," -h",7.5,795.678123352558,0.75625,0.711,17.7726,18.4665,1.5156,2e-04,22.4783,39.7668
"Erynnis_tages",1.2," -h -q",4,430.67937182139,0.7311,0.71055,30.7032,17.0646,1.4502,14.4652,26.5233,9.7934
"Esperarge_climene",1.5," threshold=false -p -h",8,1287.11255783875,0.78335,0.75445,15.2636,21.6976,14.9549,3.3117,7.9448,36.8274
"Esperarge_roxelana",0.6,"autofeature=true",3,149.766587347564,0.79865,0.7794,43.1124,9.1149,0.0011,28.9189,17.9127,0.94
"Euchloe_ausonia",1.4," -h -q",3,332.777961748777,0.64405,0.7133,8.4997,28.5171,37.5227,7.1084,0.2177,18.1344
"Euchloe_belemia",0.9," -h",6,637.611248095671,0.8158,0.75745,26.0718,0.8579,11.0178,54.6564,0.8647,6.5313
"Euchloe_daphalis",1.4," -p -q",30.5,1150.87419550387,0.74805,0.71535,8.584,15.8274,3.3079,26.9734,26.0693,19.238
"Euchloe_lessei",0.5," -h",8,477.442681474997,0.8665,0.86975,23.0029,26.0587,10.0621,0.1936,5.8802,34.8025
"Euchloe_transcaspica",1.5," -q",19,971.534824456573,0.75175,0.70725,4.099,12.2873,33.4184,29.3283,8.9615,11.9055
"Euphydryas_aurinia",0.9," -h",7,430.697670201968,0.87665,0.84985,27.0157,21.2238,19.4868,0.8299,12.8006,18.6432
"Fabriciana_adippe",0.9," -h -q",4,295.881298910851,0.72005,0.72065,2.3629,48.6408,7.0904,19.6998,17.5296,4.6767
"Fabriciana_niobe",1.4," -p -q",29.5,2071.15366169847,0.81655,0.7762,35.0293,28.5728,4.2256,8.3936,9.9725,13.8063
"Favonius_quercus",1.4," -h -q",5,655.406523954108,0.76285,0.7564,83.0158,3.176,0.9547,1.0729,9.5987,2.1819
"Gegenes_nostrodamus",1.4," -h",5,278.426130375663,0.82445,0.79695,29.9147,16.7567,0.6412,32.9831,6.1549,13.5494
"Glaucopsyche_alexis",1," -h",7,843.902781051454,0.7429,0.7364,8.0649,39.3406,0.7884,3.2277,44.37,4.2084
"Gonepteryx_farinosa",0.5," threshold=false -p -h",8,2204.59819626609,0.7577,0.71865,27.3694,12.8738,8.6252,0.5839,11.6569,38.8908
"Gonepteryx_rhamni",0.5," -h",7,770.042713620187,0.76515,0.73395,12.8465,3.9297,2.5716,3.8267,74.5199,2.3056
"Hesperia_comma",1.1," -h",5,278.965980195797,0.8939,0.91635,1.2654,9.0279,78.8753,0.7006,8.516,1.6147
"Hipparchia_fatua",0.8," -h",6.5,508.093632053375,0.7687,0.745,4.6712,54.6984,3.4319,3.7595,1.7618,31.6772
"Hipparchia_pellucida",1.4," -h",4,270.863512948406,0.79415,0.78645,21.4992,51.3289,5.8158,0,17.0212,4.3349
"Hipparchia_syriaca",0.7," -h -q",5,608.498211033195,0.82095,0.8393,62.3432,3.6793,0.0933,7.3685,24.0689,2.4467
"Hipparchia_turcmenica",1," -h",4.5,375.505450860593,0.77785,0.77725,7.1595,41.0293,0.0027,5.7991,42.8589,3.1504
"Hypermnestra_helios",0.9," -h",7,483.311693696086,0.71115,0.72425,5.4891,8.084,0.0541,53.0354,29.4234,3.914
"Hyponephele_amardaea",1.3," -h",6,758.125164018941,0.8291,0.7799,12.7568,14.59,41.5946,13.1014,0.9524,17.0048
"Hyponephele_cadusia",0.8," threshold=false -h -q",5,1400.95691499231,0.74955,0.70455,18.0094,27.4533,35.1435,1.9661,9.8072,7.6205
"Hyponephele_capella",1.4," -h",5,414.273815854579,0.9013,0.8264,34.3977,6.2033,7.118,5.497,2.5113,44.2727
"Hyponephele_comara",0.8," -h -q",4,474.303157694912,0.7829,0.72405,13.8727,11.1634,1.2722,1.5828,10.5808,61.5282
"Hyponephele_davendra",1.1," -h",6,663.372580674049,0.7924,0.85235,3.3716,31.0211,8.8424,0,1.1062,55.6587
"Hyponephele_dysdora",0.7," -h",7.5,759.434800058258,0.83345,0.76145,8.0782,33.3809,18.3797,0.1319,29.3764,10.6528
"Hyponephele_interposita",0.6," -h",6,464.927628526175,0.678,0.7086,2.0387,49.8326,1.5314,4.2862,31.1555,11.1556
"Hyponephele_lupina",0.6," -h",15,3744.36751463303,0.7202,0.70185,27.6881,16.7143,9.1559,10.248,5.0271,31.1666
"Hyponephele_lycaon",0.6," threshold=false -p -h",9,1730.12877637891,0.81615,0.7944,9.4875,36.3392,38.4673,9.4676,1.1335,5.105
"Hyponephele_lycaonoides",1," -h",7,851.402340486226,0.80655,0.7712,36.5488,17.1535,0.2237,38.4013,0.3923,7.2804
"Hyponephele_naricina",0.5," threshold=false -h -q",5,1042.94648758889,0.7071,0.7158,11.8221,33.19,40.5246,4.4363,6.8346,3.1924
"Hyponephele_shirazica",1.2," -h -q",3,316.905820874775,0.8332,0.74075,5.3225,65.6032,19.5104,2.6092,0,6.9547
"Hyponephele_wagneri",0.6," threshold=false -h -q",10,1775.65821004731,0.7274,0.71665,8.6043,18.3613,7.5395,18.1713,30.3878,16.9358
"Hyrcanana_caspius",0.9," -h -q",4.5,378.232589051512,0.83815,0.7915,6.3161,13.0589,8.6104,0.1744,59.6416,12.1986
"Iolana_iolas",1.5," -h",5,598.234534151476,0.81245,0.73275,19.3728,30.8378,0.3135,0.6068,13.8896,34.9795
"Iphiclides_podalirius",1.4," -p -q",25.5,1622.57009200971,0.83395,0.78275,4.929,72.9712,6.9132,3.7222,5.832,5.6324
"Issoria_lathonia",1.1," -p -h",7,1275.74331940425,0.77075,0.7034,8.6372,23.4298,18.9882,0.1693,28.0937,20.6818
"Junonia_orithya",0.7," -h -q",5,1015.38015732829,0.74315,0.7584,15.3866,5.3071,24.7505,51.969,0.091,2.4957
"Kretania_eurypilus",0.9," threshold=false -h",15,3311.75483823643,0.74155,0.72295,4.8697,16.9578,23.9457,21.7733,11.7267,20.7267
"Kretania_zephyrinus",1.4," threshold=false -p -h",7,2070.21726839792,0.7634,0.7589,21.8391,11.1319,29.0752,1.5198,6.8095,29.6244
"Lachides_contracta",1," -h",6,669.533820624468,0.74265,0.7335,6.272,7.0378,1.4844,73.3171,4.4766,7.4121
"Lachides_galba",1," -h",5.5,298.161283074935,0.7408,0.7157,35.7749,30.8957,0.4056,15.1933,9.7663,7.9642
"Lampides_boeticus",0.5," -h",7,448.97951025803,0.82095,0.7587,9.143,64.7902,10.0925,3.8404,6.4885,5.6452
"Lasiommata_adrastoides",1.1," -h",3,361.847780719124,0.76215,0.7205,5.9659,0.0325,1.7842,29.9596,55.0242,7.2337
"Lasiommata_aegeria",1.4,"autofeature=true",2,130.671011094115,0.737,0.8805,0,10.4676,0,17.9147,41.7411,29.8766
"Lasiommata_maera",0.7," -h -q",4,368.722031530238,0.78705,0.74765,3.7654,3.6476,0.0386,17.1809,67.6375,7.73
"Lasiommata_megera",0.7," threshold=false -h",16,2173.57255338777,0.8066,0.76245,34.5109,5.3734,8.4884,22.559,6.5651,22.5032
"Lasiommata_menava",0.9," threshold=false -h",7,929.820728006,0.80005,0.74535,11.64,28.0151,7.8508,0.1171,11.6525,40.7244
"Leptidea_duponcheli",1.5," -q",17,722.161200866537,0.8547,0.7694,2.3852,52.4191,3.7703,10.0258,20.2529,11.1466
"Libythea_celtis",0.6," -h -q",4,286.510950856165,0.8015,0.79565,7.2328,1.9967,0.0345,9.3172,43.089,38.3298
"Limenitis_reducta",1.2," -p -h",7,1136.68811318477,0.7918,0.7302,57.5745,7.2553,0.8279,1.0594,25.9314,7.3516
"Lycaena_alciphron",0.5," threshold=false -p -h",7,905.776891102966,0.80665,0.80635,23.2087,35.8994,9.4118,5.4435,2.242,23.7947
"Lycaena_asabinus",1.1," -q",27.5,897.667858917556,0.80105,0.7215,27.5634,27.0787,20.3322,3.2731,0.6306,21.1219
"Lycaena_candens",1.2," -h",4,329.603282710033,0.84725,0.795,66.5267,8.1116,0.7853,16.79,3.0588,4.7276
"Lycaena_lampon",0.5," -p -h",8,1064.17600150637,0.79845,0.7171,7.2136,12.5787,10.7576,5.6872,8.8133,54.9497
"Lycaena_lamponides",1," -h -q",5,683.662497180713,0.73515,0.7071,4.3432,47.284,22.7895,0.3111,17.4428,7.8294
"Lycaena_ochimus",1.4," -h",6,831.525821515368,0.80705,0.7439,1.8187,17.8499,61.2573,0,4.5392,14.5349
"Lycaena_phlaeas",1," threshold=false -p -h",8.5,2424.0301657608,0.71775,0.7017,33.7641,14.2128,0.1852,2.3144,26.714,22.8095
"Lycaena_thersamon",1.5," -p",24.5,2413.32546082477,0.77175,0.73085,41.805,29.1877,5.0693,5.963,10.977,6.998
"Lycaena_thetis",0.6," -h",7,665.64849801087,0.8374,0.7736,7.639,47.0426,31.4065,0.3986,9.7319,3.7813
"Lycaena_tityrus",0.6," threshold=false -h",7.5,1004.64572398699,0.90295,0.91355,12.7328,46.4586,26.1611,0.9526,4.9276,8.7674
"Lysandra_bellargus",0.9," threshold=false -p -h",8,1985.85804601519,0.76565,0.7192,25.8978,21.6331,38.387,1.3247,9.0631,3.6943
"Lysandra_corydonius",0.8,"autofeature=true",2,147.65012329333,0.69675,0.8642,33.3272,4.8471,10.1135,8.869,15.7654,17.0778
"Maniola_jurtina",1.4," threshold=false -p -q",36.5,1832.84405169511,0.7806,0.7331,10.4586,45.3715,13.6646,15.4765,8.8585,6.1704
"Maniola_telmessia",0.8," threshold=false -p -h",7.5,828.613560968267,0.8372,0.7736,64.9942,3.4918,18.3747,0.2983,7.3956,5.4454
"Melanargia_evartianae",0.5," -h -q",5,602.791544777107,0.71265,0.72925,5.9535,6.9237,3.5381,13.731,14.0762,55.7775
"Melanargia_grumi",0.9," -q",2,149.553067463806,0.73455,0.78395,49.7472,0.0471,0.0049,12.7709,15.9787,21.4511
"Melanargia_hylata",0.8," -p -h",8,3031.6606630161,0.71615,0.7074,49.0906,16.3802,9.706,13.7117,2.7344,8.3771
"Melanargia_russiae",1.4," -h",4.5,343.204085838762,0.7621,0.72965,5.4467,34.456,6.426,0,48.1456,5.5257
"Melanargia_syriaca",0.7,"autofeature=true",4,222.195466222434,0.75385,0.71355,0.7901,31.1787,21.8299,28.8803,9.1717,8.1494
"Melanargia_teneates",1.4," -h",5,881.664236269732,0.75715,0.726,16.5884,15.6029,18.8327,0,30.6566,18.3195
"Melanargia_transcaspica",1," -h",6,733.584904543666,0.828,0.7969,8.6404,16.9372,51.8141,9.4208,2.1464,11.0411
"Melitaea_abbas",0.9," -h",8,807.517821270879,0.8155,0.7848,45.5877,26.2824,7.4718,1.118,8.1752,11.3649
"Melitaea_arduinna",0.5," -h",7.5,1025.22065503269,0.78935,0.7729,27.6101,39.3626,14.1954,3.4602,1.9436,13.4281
"Melitaea_casta",1," -h -q",5,509.07905637723,0.83455,0.7766,3.8011,37.7556,20.7107,0,30.1492,7.5834
"Melitaea_cinxia",0.6," threshold=false -h",8,1278.94668053453,0.78195,0.736,25.7669,10.0173,40.0159,14.7147,3.7772,5.7079
"Melitaea_consulis",1.5," -q",2,177.628800836106,0.82835,0.82235,10.4023,15.917,1.9291,0,71.7515,0
"Melitaea_enoch",1.2," -h",4.5,282.458153789809,0.85915,0.8226,21.7067,22.5785,41.8864,0.8297,12.3335,0.6652
"Melitaea_gina",1.1," -p",24,1258.65920638953,0.8172,0.71145,28.1023,42.8351,2.2919,4.8909,4.1385,17.7412
"Melitaea_interrupta",0.8," -h",6,647.706870900839,0.75335,0.77175,9.6205,33.1717,31.4315,6.0169,8.4235,11.336
"Melitaea_persea",0.5," threshold=false -h -q",13,2949.93007897868,0.74075,0.7403,6.6183,14.9355,31.6865,19.6747,8.2212,18.8638
"Melitaea_phoebe",0.8," -h",7,610.74574178378,0.7721,0.7114,4.816,31.1639,40.8997,2.9853,2.7134,17.4217
"Melitaea_robertsi",0.6," threshold=false -h -q",11.5,2193.37111693899,0.7425,0.71845,13.1388,15.0347,17.2892,17.2086,16.6072,20.7215
"Melitaea_sarvistana",1," -h",6.5,608.472536960168,0.7736,0.7097,36.7314,16.1086,0.5548,1.3326,36.6769,8.5958
"Melitaea_tangigharuensis",1.3,"autofeature=true",3,137.677693154865,0.6749,0.7146,29.0297,18.954,0.0082,18.0201,11.8767,12.1112
"Melitaea_telona",1.2," -h",5,290.040321496587,0.81515,0.7218,27.049,21.7968,8.0111,0,24.9718,18.1713
"Melitaea_timandra",1.1,"autofeature=true",4,186.170944460771,0.91325,0.83215,33.7153,37.5781,1.4868,0,2.6149,24.6048
"Melitaea_turkmanica",1.1," -q",2.5,198.470606221162,0.78245,0.79425,14.1462,1.0748,0,17.9353,49.0887,17.7551
"Minois_dryas",0.5,"autofeature=true",2.5,98.8998095325418,0.807,0.88915,16.5445,8.4273,22.1937,29.2545,15.2475,8.3326
"Muschampia_nomas",1.2," -h -q",4.5,796.425719834324,0.7685,0.7267,9.2833,8.9628,21.1385,1.8913,11.17,47.5541
"Muschampia_plurimacula",1.3," -h",4.5,270.184313851317,0.827,0.84415,5.6373,31.3665,0.0112,22.8489,36.4374,3.6986
"Muschampia_proteides",1.4," -h -q",4,816.142129111159,0.7114,0.7027,61.3955,10.2387,7.4039,9.628,3.0961,8.2379
"Muschampia_staudingeri",1.1," -h",5,311.300965099988,0.83495,0.77765,1.3553,53.3127,21.5861,0,16.1231,7.6229
"Muschampia_tessellum",0.6," -h",6,291.902845413117,0.8771,0.70245,13.912,34.4015,1.4826,6.9884,29.9269,13.2887
"Neolysandra_coelestina",0.5," -h",6.5,284.992374432102,0.92575,0.82935,8.4049,43.5234,25.7641,9.9055,7.9902,4.4119
"Neolysandra_corona",0.9," -h",6,466.828271192106,0.8651,0.83895,22.912,21.5354,0.6044,33.9967,17.0995,3.8519
"Neptis_rivularis",1.1,"autofeature=true",2,152.591801269419,0.90725,0.7415,2.774,0.2376,0,34.5876,62.2196,0.1812
"Nymphalis_polychloros",0.7," -h",7,511.374111080682,0.85035,0.79225,6.2973,17.173,0.6479,4.9759,63.684,7.2217
"Nymphalis_xanthomelas",0.9," -h -q",2,237.590034190032,0.75805,0.74215,52.7451,6.4123,2.045,12.5925,18.8155,7.3896
"Ochlodes_hyrcana",1.4," -h",5,606.417768753882,0.68665,0.70445,24.163,12.2688,0.9553,12.2922,45.7415,4.5792
"Ochlodes_sylvanus",0.5," -h",6,435.363221535271,0.78345,0.7387,23.9004,39.1475,1.7757,2.7927,25.4482,6.9355
"Papilio_alexanor",1.2," -h",7,830.652905210051,0.80925,0.78855,37.8428,21.2508,15.7198,0.6615,14.2202,10.3049
"Papilio_demoleus",0.7," -p -h -q",5,791.849574326885,0.77395,0.72165,2.3931,4.4726,0.8475,75.8029,10.4998,5.9841
"Papilio_machaon",0.7," -p -h",8,1489.41912986476,0.78745,0.755,21.4618,19.4637,0.528,2.8917,46.9646,8.6902
"Parnassius_mnemosyne",1.5," -p -q",33.5,2039.05023461847,0.851,0.80435,31.3494,35.2033,5.5017,5.073,6.9013,15.9714
"Pelopidas_thrax",0.9," -h -q",4,282.188840543134,0.8188,0.7234,12.6756,8.282,65.2007,0.9691,2.4781,10.3945
"Pieris_brassicae",0.7," -h -q",11,1610.46897933411,0.76285,0.76595,4.9555,3.3213,32.1576,12.4745,42.3191,4.772
"Pieris_ergane",0.6," threshold=false -h",11,1554.37697585808,0.7798,0.73115,8.9689,32.6106,20.5873,14.7235,12.2694,10.8403
"Pieris_krueperi",0.5," threshold=false -h",8,985.696748978275,0.8415,0.82975,36.771,15.4967,5.2008,0.247,23.097,19.1876
"Pieris_mannii",1," -h -q",4,309.954069631372,0.8656,0.7394,4.7097,17.0861,0.0012,10.5305,66.6498,1.0226
"Pieris_napi",1.4," -p",38.5,3014.37220175622,0.8177,0.79455,50.127,21.6675,12.5288,4.9105,1.6076,9.1587
"Pieris_persis",1.2," -h -q",2,155.020294333227,0.81165,0.7193,2.9495,1.0998,40.8274,55.0245,0,0.0987
"Pieris_rapae",1.2," -p -q",58,3614.40491923115,0.78095,0.70855,26.4792,15.5227,16.4043,18.1351,13.2037,10.2549
"Plebejus_afshar",1.4,"autofeature=true",4,192.679975561309,0.86915,0.85935,0.1538,7.2082,22.3914,5.5507,5.3393,59.3566
"Plebejus_alcedo",0.7," -p -h",8,1579.27909612938,0.7802,0.7588,14.4054,14.4204,39.3437,23.56,2.335,5.9356
"Plebejus_christophi",1.4," threshold=false -q",23,1190.22497593258,0.76605,0.7268,9.1955,18.7149,11.5478,26.0898,25.5611,8.8909
"Plebejus_idas",0.5," -h -q",4,397.145276455509,0.7762,0.7174,37.9431,7.927,24.0675,5.1048,2.7406,22.2171
"Plebejus_loewii",0.5," threshold=false -h",16,3578.53394436802,0.7373,0.7043,20.9408,16.5505,19.48,15.0676,14.377,13.584
"Plebejus_morgiana",0.8," threshold=false -h -q",12.5,1948.91692469384,0.79425,0.7614,21.1758,12.0419,19.8251,16.602,8.8073,21.5479
"Plebejus_sieversii",1," -h -q",5,526.809174917173,0.78865,0.7532,35.0021,10.7602,0.0749,19.1976,30.6681,4.2971
"Plebejus_vaneki",1.3," -h",3.5,182.391881528874,0.89725,0.85125,0.4117,2.431,55.8839,0,12.3234,28.9499
"Polygonia_egea",0.5," threshold=false -h",8,964.454374557645,0.8183,0.76015,19.244,37.8639,3.9475,0.7888,13.713,24.4428
"Polyommatus_actis",0.8," threshold=false -p -h",7,1066.3482233812,0.82005,0.7981,3.0312,15.0736,74.0078,0.0603,5.8023,2.0248
"Polyommatus_aedon",1.3," -h",5,391.846354351602,0.8706,0.8514,19.33,11.1218,2.2798,49.3559,10.0775,7.8348
"Polyommatus_ahmadi",1.3," -h",5,434.026440181043,0.77505,0.748,2.99,24.9717,26.7768,0.0068,16.0147,29.24
"Polyommatus_alcestis",0.5," -h",8,994.321634307933,0.76165,0.7346,53.0518,15.7563,0.5464,21.2319,3.3716,6.042
"Polyommatus_amandus",0.8," -h",7,764.077575113639,0.8598,0.82415,10.3535,21.9941,42.6706,0.0207,22.8599,2.1012
"Polyommatus_antidolus",1," -q",3,221.511727802474,0.7255,0.7289,41.1607,10.6449,13.9803,0,23.4471,10.767
"Polyommatus_ardschira",1.1," -h",4.5,310.157172009467,0.8447,0.82065,74.1024,6.0894,3.6464,13.3754,1.3569,1.4295
"Polyommatus_aserbeidschana",0.5," -h -q",4,242.384192620321,0.73985,0.71135,30.993,29.3562,2.5983,3.0254,0.0896,33.9375
"Polyommatus_baltazardi",1.3,"autofeature=true",4,206.399050512745,0.84145,0.7712,10.0708,14.2947,45.4596,10.8881,5.3154,13.9714
"Polyommatus_barmifiruze",0.6," -q",4,199.847636336794,0.9146,0.82645,84.4358,1.9039,7.2371,2.7599,1.4384,2.2249
"Polyommatus_birunii",0.5," -h",7.5,711.883207068405,0.8303,0.8121,17.6586,42.611,21.7347,10.8854,2.3392,4.771
"Polyommatus_caerulea",0.5," -h",7,303.710538246512,0.96535,0.97375,3.2005,21.195,35.2601,0.113,35.9429,4.2885
"Polyommatus_cyanea",1.3," threshold=false -p",26,1233.3449408892,0.7399,0.7061,31.7249,22.9313,22.9132,3.7489,4.974,13.7077
"Polyommatus_damonides",1.5," -p -q",20,971.767291592724,0.8933,0.89115,26.6134,35.2907,12.0373,4.9914,17.1838,3.8834
"Polyommatus_daphnis",1.5," -p",26,2164.66375397669,0.8262,0.7864,5.819,51.13,6.7149,28.2506,1.8955,6.1901
"Polyommatus_darius",0.9," -h",5,413.592398601753,0.77985,0.72695,4.8729,57.4987,15.2118,11.9236,6.936,3.557
"Polyommatus_demavendi",0.5," -h",5.5,284.954775545565,0.7444,0.70625,16.3116,48.0221,6.5733,11.8254,9.7633,7.5043
"Polyommatus_dizinensis",0.7," -q",20,278.360671912644,0.87255,0.7728,22.2008,24.3686,5.9365,10.0512,28.9976,8.4454
"Polyommatus_eckweileri",0.6,"autofeature=true",3,125.930849214433,0.93195,0.82085,0.5053,47.2461,24.3496,2.7876,9.7035,15.4078
"Polyommatus_ectabanensis",1," -h -q",3.5,290.856831078599,0.78815,0.7216,17.976,25.992,33.334,6.7513,12.0619,3.8847
"Polyommatus_eriwanensis",1.3,"autofeature=true",3,166.27677185871,0.8185,0.79885,20.7072,16.351,0,25.2707,32.7948,4.8765
"Polyommatus_erotulus",1.1," -h",3,204.911374084869,0.78735,0.83705,0.6503,0.0704,63.4196,34.3395,1.3555,0.1648
"Polyommatus_erschoffii",0.7," -h",7,603.676314683865,0.87025,0.82865,6.79,49.081,30.077,1.2235,5.673,7.1556
"Polyommatus_esfahensis",1.2," -h -q",2.5,256.799563685986,0.6982,0.74535,13.547,0.164,29.5633,0,56.6683,0.0575
"Polyommatus_femininoides",1.1," -q",25,359.436144060095,0.8228,0.7601,11.0072,29.9187,5.5684,9.2975,14.1328,30.0754
"Polyommatus_glaucias",1.4," -q",14,557.371139049766,0.8031,0.73235,17.0598,15.5887,9.2308,38.3046,5.885,13.9311
"Polyommatus_hamadanensis",0.8," -h",8,860.488460840179,0.7604,0.7391,37.4005,22.5704,23.4013,0.9367,6.5829,9.1083
"Polyommatus_icarus",1.1," -p -q",47,5611.48909851983,0.7764,0.75135,15.8263,11.1854,46.8406,7.9045,6.4965,11.7467
"Polyommatus_iphidamon",0.8," -h",7,662.239908985026,0.9051,0.8387,4.3856,32.4932,23.0295,0.0045,23.0641,17.0232
"Polyommatus_Iuna",0.7,"autofeature=true",2.5,127.187510184273,0.8392,0.8976,8.1077,0,10.3736,0.0189,56.4125,25.0872
"Polyommatus_karinda",1.4," -h -q",3.5,370.540158162077,0.6809,0.7087,51.7376,6.0175,0,4.3471,32.0671,5.8307
"Polyommatus_kendevani",0.5," -h",5,283.923968243348,0.8653,0.78355,30.0496,35.5005,9.6498,1.6133,12.2962,10.8907
"Polyommatus_khorasanensis",1.3," -h",4.5,397.686911106102,0.7816,0.72215,11.575,9.8114,50.3992,6.4802,7.1883,14.5458
"Polyommatus_lorestanus",0.8," -h",7,732.195302936926,0.8213,0.80165,17.7994,48.6387,0.3614,21.0553,6.9993,5.1459
"Polyommatus_marcida",1.4,"autofeature=true",18.5,670.180253975913,0.7823,0.702,5.0225,14.1123,9.0055,25.2576,22.8001,23.8019
"Polyommatus_mofidii",0.9," -q",3.5,210.814251227409,0.87265,0.7392,10.4127,5.0976,30.68,9.7823,22.1994,21.828
"Polyommatus_morgani",1.3," -h -q",3,333.702087024334,0.70555,0.72795,22.741,26.5409,15.7767,10.1123,12.8043,12.0246
"Polyommatus_musa",0.5," -h -q",4,296.403513421813,0.8682,0.84695,6.7782,55.4227,3.7002,0.1963,6.7031,27.1995
"Polyommatus_myrrha",1.2,"autofeature=true",4,183.030534938971,0.82075,0.81565,19.2297,37.1695,13.8507,25.8894,0.0875,3.7733
"Polyommatus_peilei",1," -h -q",4,324.968737678842,0.80915,0.70255,2.329,76.7248,9.3969,0,2.8274,8.7219
"Polyommatus_pfeifferi",0.7," -h",6.5,398.355595933998,0.89265,0.866,65.3924,2.341,0,24.4365,4.3746,3.4555
"Polyommatus_phyllides",1.4,"autofeature=true",2.5,217.069050006968,0.7678,0.87105,25.2916,30.2353,18.9152,9.6224,15.8385,0.097
"Polyommatus_phyllis",1.2," -h",4.5,375.938101161787,0.7867,0.78365,2.2624,41.8432,16.7284,4.6544,1.8846,32.627
"Polyommatus_pseudoxerxes",0.6,"autofeature=true",38,281.469384120075,0.9767,0.9464,8.8476,42.8163,0.7102,3.4291,22.7305,21.4663
"Polyommatus_ripartii",1.4,"autofeature=true",3.5,185.59384660347,0.8618,0.87035,3.6487,14.7507,61.0581,0,4.781,15.7615
"Polyommatus_rovshani",1.2,"autofeature=true",3,222.642531124769,0.6941,0.7765,0.1191,0.2967,19.1613,45.4205,14.6612,10.3412
"Polyommatus_sennanensis",1.5," -h",6,513.287486324753,0.72695,0.7537,5.1208,49.9834,4.1729,5.1772,1.7488,33.7969
"Polyommatus_shirkuhensis",1.3," -h",4,306.331714545031,0.905,0.8899,0.0454,2.4675,0.5561,53.5849,2.4527,40.8934
"Polyommatus_stempfferi",1.1," -h -q",3,334.348064491676,0.81125,0.7509,25.0096,15.9704,32.9354,6.8384,1.1098,18.1364
"Polyommatus_tenhageni",1.4," -h -q",3,277.382610002167,0.71835,0.7024,39.8476,0.7226,10.1076,0.3869,30.9398,17.9955
"Polyommatus_thersites",0.5," -h",7.5,1169.08542403935,0.7581,0.7289,10.1968,55.8266,6.7841,0.3621,9.8285,17.002
"Polyommatus_transcaspica",0.5,"autofeature=true",5,203.468256339639,0.9418,0.95915,17.5248,24.2886,28.8174,0.875,24.749,3.7452
"Polyommatus_valiabadi",1,"autofeature=true",3,226.219673571945,0.6641,0.7384,17.2109,10.7821,0.189,19.7085,25.6256,16.4838
"Polyommatus_vanensis",0.5," -h",7,1066.84521889818,0.87005,0.8471,2.1249,42.3288,48.3643,0.2863,4.4836,2.4122
"Polyommatus_zarathustra",1.4,"autofeature=true",2,95.2390442473028,0.7555,0.75625,40.5567,0.2022,0,7.9371,10.3986,40.9055
"Pontia_callidice",0.5," -p -h -q",5,894.172094889469,0.81825,0.77745,18.2162,4.4681,63.9687,4.6064,2.0091,6.7315
"Pontia_chloridice",1.5," -p -q",24,1602.26487938784,0.7829,0.7484,8.8335,28.9589,16.6699,5.8689,22.9226,16.7463
"Pontia_edusa",1.4," threshold=false -p",29,3108.43851095342,0.74975,0.70725,19.0602,27.2594,26.8545,1.2682,15.7334,9.8243
"Pontia_glauconome",1," -q",32.5,1108.34310422836,0.7608,0.70605,14.0236,20.9627,5.0653,30.4504,22.3015,7.1965
"Proterebia_afra",1.5," -h",5,444.505325318704,0.7837,0.8083,0.7717,71.039,7.1632,0.0218,18.8737,2.1306
"Pseudochazara_beroe",1.3," threshold=false -p -h -q",5,1066.16363156964,0.8085,0.7643,1.704,3.6012,71.2515,6.1294,0.8832,16.4307
"Pseudochazara_daghestana",0.7,"autofeature=true",2,110.922358436907,0.77925,0.9474,17.3534,0.5984,47.7406,12.0258,18.0741,4.2076
"Pseudochazara_mamurra",0.5," -h",8,1219.43180614078,0.76995,0.70295,19.3644,12.6711,7.9337,6.3909,0.3178,53.3222
"Pseudochazara_pelopea",0.8," -h",14,2104.12052457444,0.7639,0.7335,19.1009,20.5396,11.6392,22.1757,3.2564,23.2882
"Pseudochazara_schakuhensis",1.5," -h",5,625.616029689884,0.7834,0.7123,8.261,13.3294,16.3528,23.9448,1.2024,36.9097
"Pseudochazara_tekkensis",1.4," -h",5,357.187104272232,0.7708,0.74165,3.2561,10.4826,25.4444,0.0346,54.8849,5.8974
"Pseudochazara_thelephassa",1.5," threshold=false -p",28.5,2836.44614493603,0.75585,0.70035,28.8276,39.0398,7.0543,5.4634,10.1311,9.4838
"Pseudophilotes_vicrama",0.7," threshold=false -p -h",8.5,1985.81682172536,0.7474,0.71535,7.6497,24.1774,24.0131,0.0103,9.8178,34.3315
"Pyrgus_alveus",1.2," -h",3,231.239637351599,0.78795,0.7544,2.5114,34.0623,0.0722,9.0084,37.2016,17.144
"Pyrgus_armoricanus",0.6," -h",7,737.735376611364,0.7688,0.70045,18.5457,16.4492,24.5213,0.4005,6.0128,34.0705
"Pyrgus_jupei",1," -h",4.5,268.554637899454,0.9001,0.8832,10.7384,6.267,76.8922,1.6273,4.0445,0.4305
"Pyrgus_melotis",1.4," -q",2,232.990498004595,0.7998,0.80235,3.4155,8.4647,72.4511,10.7501,3.0864,1.8321
"Pyrgus_serratulae",1.1," -h",4,215.229312712766,0.8708,0.7683,65.9365,16.4233,1.8156,11.2541,0.0035,4.5669
"Pyrgus_sidae",1.3,"autofeature=true",1,166.549061073999,0.74295,0.76835,15.3313,0,20,54.3538,5.6462,4.6687
"Rimisia_miris",0.8," -h -q",5,497.294207124413,0.7601,0.72025,15.6086,28.6904,17.2157,3.0779,15.0253,20.382
"Satyrium_abdominalis",0.5," threshold=false -h",8,1383.06096871896,0.73085,0.7024,22.615,12.1523,8.4625,0.1821,21.4312,35.157
"Satyrium_hyrcanica",1.2," -h",6,711.074853373063,0.79145,0.7365,18.2977,33.3526,1.309,0.0088,16.8099,30.2221
"Satyrium_marcidus",1.3," -q",14,277.889661714974,0.9338,0.8943,34.4542,16.2514,1.5973,1.8486,38.5796,7.2688
"Satyrium_mirabilis",1.2," -h -q",5,585.768697756473,0.7117,0.71255,14.3123,41.1078,4.0895,1.4104,9.8146,29.2654
"Satyrium_persepolis",0.6," -h",7,636.281265347905,0.8021,0.7385,20.8719,21.0117,0.1319,17.4701,15.8322,24.6822
"Satyrium_sassanides",0.6," -h",8,704.141456867927,0.8074,0.77725,66.332,8.983,10.0633,1.5281,9.517,3.5766
"Satyrium_spini",1.3," -h -q",3,401.915454721018,0.72665,0.7587,2.9636,0.6371,2.1916,6.7785,83.0655,4.3637
"Satyrus_favonius",0.5," -h",7,544.556377958409,0.77435,0.72855,38.5366,9.5219,11.8663,28.9116,1.7369,9.4267
"Satyrus_iranica",0.8," -h",7.5,1218.68499422299,0.74865,0.71585,13.319,19.3621,44.9779,12.7772,3.4058,6.158
"Satyrus_parthica",1.5," -h -q",4,629.472604573995,0.79305,0.76325,32.6845,3.2757,49.7843,8.1893,1.2992,4.767
"Speyeria_alexandra",0.7," -h -q",5,735.252052872991,0.7035,0.71625,10.1748,3.6108,2.4718,3.4322,75.2439,5.0666
"Spialia_geron",1.4,"autofeature=true",21.5,453.887247400047,0.8159,0.71645,8.6509,12.7949,5.5967,48.333,16.0377,8.5868
"Spialia_orbifer",1.1," threshold=false -h",6,912.811452241122,0.70615,0.70835,26.0907,19.17,25.5572,17.7463,3.4775,7.9582
"Spialia_osthelderi",0.6," -h -q",5,552.011574529787,0.67695,0.7239,22.9494,5.0612,0.31,49.6572,7.142,14.8802
"Spialia_phlomidis",0.6," -h -q",4,341.027291832806,0.77795,0.76955,4.5224,38.7397,25.81,0,28.1614,2.7665
"Tarucus_balkanica",0.8," -p -h",8,1233.37824850454,0.7512,0.73065,5.474,41.163,2.1595,33.0523,11.8349,6.3164
"Tarucus_rosacea",1.3," -h -q",5,576.441580397693,0.7714,0.76135,3.6398,2.7792,13.5686,70.0445,8.6953,1.2727
"Thymelicus_lineola",0.7," -h",8,787.243579910183,0.80465,0.80215,14.2989,34.745,20.7368,1.6045,16.1788,12.4361
"Thymelicus_sylvestris",0.8," -h",7.5,762.547648664204,0.82885,0.8096,8.6532,60.9154,13.8456,1.9507,7.936,6.6989
"Tomares_callimachus",1.5," -q",14,815.07018775957,0.77625,0.71595,17.422,33.2452,9.7805,5.7892,25.1061,8.657
"Tomares_romanovi",0.8," -h",7,701.376876610884,0.76275,0.70355,38.0563,34.8368,8.8189,5.4173,4.4495,8.4212
"Turanana_anisophtalma",0.9," -h",6,875.837513985998,0.8386,0.7923,2.0357,27.1979,44.2476,6.9731,2.6558,16.89
"Turanana_cytis",0.8," -h -q",5,545.469773796728,0.85345,0.80155,37.513,10.2314,39.6326,5.5686,5.2655,1.7889
"Turanana_endymion",1.4," -h",13,1662.53284477129,0.8053,0.76915,9.6501,10.0686,34.0675,11.8858,12.3871,21.9409
"Vanessa_atalanta",1.4," threshold=false -p -h",5,898.067789092044,0.87655,0.86,0.2302,15.8318,0.6608,1.2399,80.2619,1.7753
"Vanessa_cardui",1.2," threshold=false -p",49,2720.90759118174,0.76755,0.7088,31.946,14.6728,15.3456,8.7376,11.8629,17.4353
"Ypthima_bolanica",1,"autofeature=true",2.5,115.001438520321,0.78235,0.7217,26.6358,23.5091,14.7153,10.5525,0.2308,24.3564
"Zegris_eupheme",1.2," -h",6,660.562740210748,0.7652,0.7303,15.9924,43.8875,1.958,25.6503,6.2912,6.2206
"Zizeeria_karsandra",1.3,"autofeature=true",28.5,658.961965488256,0.7952,0.7212,6.8406,7.5657,9.1104,58.5352,2.1254,15.8228
"Abrostola_clarissa",0.8," -h",5.5,295.237272569919,0.8061,0.7476,4.7215,30.6582,8.6292,0,22.8235,33.1676
"Abrostola_hyrcanica",0.7," -h",6,636.869604593778,0.87135,0.85455,7.7803,5.2036,1.856,26.5356,47.9869,10.6376
"Acontia_biskrensis",1," -h",5.5,345.820247729587,0.8653,0.72815,3.3264,7.9365,1.9587,2.4951,80.6433,3.6399
"Acontia_lucida",1.4," -h",6.5,688.917972802198,0.79945,0.74975,1.3731,5.1896,0.0114,76.5891,12.5045,4.3324
"Acontia_titania",1.5," -h -q",2.5,285.762709318385,0.8069,0.74505,53.3058,4.5047,0.2145,3.0754,2.1055,36.7941
"Acontia_trabealis",1.4," -h",5,699.663132665105,0.75875,0.70925,17.9438,9.097,5.1163,11.9783,3.8372,52.0274
"Acrobyla_kneuckeri",1.3,"autofeature=true",2,178.94819688759,0.8008,0.7985,5.0639,1.3986,6.9295,58.0968,23.4052,5.1061
"Acronicta_aceris",1.3,"autofeature=true",3.5,256.621515190746,0.69595,0.7133,29.2762,10.0897,18.6999,39.3734,0,2.5607
"Acronicta_dentinosa",1.2," -h",3,260.888786919531,0.70865,0.70745,13.4676,8.6216,3.0317,22.671,41.9647,10.2434
"Acronicta_megacephala",0.9,"autofeature=true",3,186.275636064873,0.797,0.70895,2.9824,6.2983,7.1384,14.6669,41.6426,27.2714
"Acronicta_rumicis",0.7," -h -q",4.5,296.226842221903,0.83315,0.841,43.7471,1.4434,0.0153,13.4478,26.8441,14.5023
"Acronicta_saadi",1.2,"autofeature=true",3,188.888510620159,0.7434,0.73765,39.7914,28.0635,0.0661,0,21.2382,10.8408
"Acronicta_solimana",1.3,"autofeature=true",2,173.222121997895,0.8321,0.7929,20.5743,0.7859,9.5994,49.7196,14.1635,5.1574
"Acronycta_pasiphae",0.6," -h",6.5,451.932766604249,0.8489,0.7879,54.9835,5.059,2.4495,3.6918,16.2991,17.5171
"Actebia_damnata",0.6,"autofeature=true",5,202.80969002454,0.8663,0.8832,4.881,29.7755,8.9609,3.6382,38.5695,14.1749
"Actebia_sollers",0.8," -h",4,351.239430747152,0.69135,0.7316,16.1572,38.1227,2.9153,0.3311,39.8639,2.6098
"Aedia_leucomelas",1.4,"autofeature=true",2,182.17123462168,0.7653,0.70995,0.0895,1e-04,27.0902,70.035,0.7028,2.0823
"Aedophron_phlebophora",1," -h -q",4.5,581.089000725488,0.72005,0.7239,57.2427,7.3323,11.6043,12.4509,2.022,9.3477
"Aedophron_rhodites",1.2," -h",3,274.222125115798,0.74975,0.7699,11.2507,49.2467,0.0273,1.9858,0.0383,37.4512
"Aedophron_venosa",0.6," -h -q",3.5,283.945296023446,0.84205,0.82965,2.9314,11.6691,66.7707,0.7319,13.9559,3.941
"Aegle_gratiosa",1.4,"autofeature=true",2.5,140.553148269722,0.9137,0.8401,75.906,0.9636,0,9.1139,3.1374,10.8791
"Aegle_semicana",1.1,"autofeature=true",3,130.210676700366,0.8308,0.9426,11.108,17.4902,8.9782,1.337,59.0159,2.0706
"Agrotis_exclamationis",1.2," -h",5,429.647549262716,0.7793,0.82995,16.2185,9.0104,47.4582,11.9685,4.508,10.8364
"Agrotis_herzogi",0.8,"autofeature=true",2,130.561033228141,0.7868,0.73725,6.0832,9.8429,3.3735,32.5598,44.6039,3.5367
"Agrotis_ipsilon",1.4," -h",5.5,750.162042377358,0.70645,0.70525,8.9271,16.3648,0.3734,9.7725,50.0757,14.4865
"Agrotis_obesa",1.3," -h",4,231.966555308556,0.85195,0.79665,15.6956,20.8213,9.5115,0,49.6912,4.2803
"Agrotis_sardzeana",1,"autofeature=true",2,128.095030339749,0.8522,0.937,1.8883,22.3791,5.4017,4.8521,45.456,20.0228
"Agrotis_segetum",1," -h",6.5,711.666637493629,0.7261,0.70175,21.8181,21.71,0.6965,6.7529,44.1337,4.8888
"Agrotis_spinifera",1," -h -q",5,472.1605409642,0.8069,0.79525,8.0316,5.6315,0.0296,42.5855,42.2074,1.5144
"Agrotis_trux",1.3,"autofeature=true",2,135.809679181861,0.90555,0.8803,2.6519,0.488,0.0716,16.9847,74.8798,4.9239
"Amphipyra_anophthalma",1.3,"autofeature=true",2.5,201.853963075036,0.7703,0.7839,16.9637,17.6738,0.9788,1.5047,8.7597,54.1193
"Amphipyra_boursini",1.3," -h -q",2.5,281.621319162016,0.84925,0.76975,12.7686,9.6974,0.9621,1.4543,1.03,74.0876
"Amphipyra_stix",1,"autofeature=true",4,225.55569939398,0.7993,0.7649,25.7677,23.0233,3.4939,5.9026,14.7138,27.0987
"Amphipyra_tetra",1.3,"autofeature=true",2,147.166367230119,0.79235,0.7424,2.564,25.1725,5.1797,27.3793,37.3665,2.338
"Amphipyra_tragopoginis",0.6," -h",7.5,469.366151833637,0.89495,0.8662,34.8252,22.9751,3.1959,0.0295,35.1875,3.7869
"Anarta_trifolii",1.5," -q",19,908.656675542103,0.7997,0.7643,3.6015,8.5865,5.6271,46.1041,31.9217,4.159
"Apamea_ferrago",0.7,"autofeature=true",4,185.632030437902,0.85015,0.706,10.4816,53.45,5.7558,10.7483,14.8961,4.6683
"Apamea_furva",0.9,"autofeature=true",5,222.691530568602,0.80275,0.71185,22.6253,44.2793,12.6909,0,10.9848,9.4197
"Apamea_lateritia",1.1,"autofeature=true",3,219.852038607686,0.77785,0.7656,0.7278,84.3737,6.3396,6.3098,0.0787,2.1704
"Apamea_maraschi",0.9," -q",4,237.985866044864,0.89495,0.86735,78.5699,4.111,0.0047,4.5662,8.3231,4.425
"Apamea_monoglypha",1.3,"autofeature=true",3,190.029457528669,0.9087,0.8894,1.4107,10.2755,11.9794,0.1538,73.6702,2.5105
"Apamea_platinea",1.1,"autofeature=true",4,237.25410958031,0.8068,0.7658,11.8684,62.1062,8.0329,13.6448,3.1528,1.1949
"Apamea_syriaca",1.3,"autofeature=true",16,542.820039681052,0.8098,0.70135,21.1094,47.1909,7.118,3.3512,3.0548,18.1758
"Aplocera_obsitaria",1.4,"autofeature=true",14,506.162014050346,0.9163,0.8643,23.5528,27.4686,0.3338,1.8814,29.3495,17.414
"Aplocera_plagiata",0.7," -h",8,813.902595018193,0.82475,0.74885,4.1281,15.4358,43.3504,1.2279,2.4897,33.3682
"Armada_gelida",0.9,"autofeature=true",2,111.539521069866,0.8045,0.74185,26.0952,29.7462,0.2039,1.1001,21.7197,21.135
"Armada_panaceorum",0.5,"autofeature=true",4.5,209.004089664928,0.69075,0.71705,31.6954,4.257,9.7722,40.3795,6.8506,7.0452
"Auchmis_detersa",0.9," -h",6,323.501637137665,0.91215,0.89955,11.2575,23.1541,44.8183,0,18.6865,2.0836
"Auchmis_peterseni",1.3," -h",6,332.057826524443,0.88615,0.8742,33.4172,15.3327,9.4905,0.5101,15.9678,25.2818
"Autographa_gamma",1," -h",7,653.321581444342,0.7587,0.73165,3.8123,30.0663,1.3954,8.4978,49.8048,6.4234
"Autographa_jota",1.2,"autofeature=true",2,193.236352031342,0.84895,0.8023,7.7027,30.9233,11.0481,0,47.9047,2.4211
"Brachyglossina_chaspia",1.3,"autofeature=true",2.5,151.393934792579,0.76665,0.7838,3.2982,15.1516,3.5177,7.2527,32.1894,38.5905
"Brandtaxia_discalis",1.3,"autofeature=true",2.5,188.774553146309,0.6113,0.81265,11.7747,40.3458,1.778,40.9838,5.0734,0.0443
"Bryomima_carducha",1.1," -h",6,580.728707702771,0.84095,0.80365,48.2502,13.234,16.334,0.272,8.1289,13.7808
"Bryophila_eucharista",1.4," -h -q",4,429.186823473423,0.7632,0.74125,30.7562,13.4552,1.5644,8.7111,12.9297,32.5833
"Bryophila_maeonis",0.5," -h",8,692.701481779061,0.83555,0.8017,38.1857,21.7448,12.192,0.72,8.4028,18.7547
"Bryophila_occidentalis",0.7,"autofeature=true",4,149.374503186544,0.83525,0.94295,31.8972,10.4566,20.0791,22.9169,1.5575,13.0928
"Bryophila_raptricula",0.7," -h",8,740.633375168538,0.82505,0.7548,36.5402,18.3778,0.9221,1.5344,9.4396,33.1858
"Calamia_staudingeri",0.8," -h -q",3,289.483473689172,0.814,0.78955,19.6327,1.4454,40.1745,5.2678,7.7849,25.6946
"Callopistria_juventina",0.5," -q",4,217.979635725311,0.8624,0.7456,37.5012,1.6414,0.7172,33.4042,24.2705,2.4654
"Callopistria_latreillei",1.3," -h -q",3.5,258.035103689091,0.88375,0.8698,11.32,1.2824,0,31.7865,23.8669,31.7443
"Camptogramma_bilineata",0.8," -h",8,709.810838294465,0.82075,0.80375,14.4533,29.2151,6.7802,0.4176,31.0937,18.0401
"Caradrina_albina",1.1," -h",6.5,640.145123223366,0.8262,0.7421,28.2807,21.3933,4.0715,0.3006,44.2708,1.6832
"Caradrina_armeniaca",0.8," -h",6,460.882710444295,0.8668,0.79495,42.6717,37.5348,1.8398,4.6784,3.561,9.7142
"Caradrina_asymmetrica",1.1,"autofeature=true",4,187.138031533705,0.82945,0.8052,7.9854,64.3228,2.0344,13.1249,5.2229,7.3096
"Caradrina_atriluna",0.6," -q",3,223.764158233208,0.70155,0.74815,2.0785,4.1849,6.9882,62.0284,18.2826,6.4375
"Caradrina_bodenheimeri",0.8," -h",7,936.642118553717,0.72935,0.71595,19.7563,15.1476,0.2915,49.2897,13.2912,2.2237
"Caradrina_boursini",0.6," -h -q",3.5,292.620478425007,0.77355,0.7033,66.4719,1.0876,4.8355,2.1649,5.4818,19.9583
"Caradrina_brandti",0.9,"autofeature=true",5.5,183.260572088507,0.9098,0.74465,10.6081,29.0639,23.1881,6.7827,5.8337,24.5234
"Caradrina_clavipalpis",0.6," -h",8,967.944000959342,0.792,0.7497,18.4894,24.9372,2.5474,1.014,34.9456,18.0665
"Caradrina_didyma",0.8," -h",6,265.959335833222,0.8501,0.79805,48.9493,25.4045,1.0981,0.0782,16.546,7.9239
"Caradrina_flava",0.7,"autofeature=true",3,155.003508999844,0.84725,0.783,1.767,1.4083,24.6001,0.2415,54.0715,17.9116
"Caradrina_hemipentha",0.5," -h -q",3,286.966553748537,0.81425,0.7772,56.0657,1.1257,3.1115,0.004,4.1411,35.552
"Caradrina_inumbrata",0.5," -h",7,477.365169802256,0.8715,0.8768,27.9755,20.5607,26.4941,20.5183,0.458,3.9933
"Caradrina_oberthuri",1.2,"autofeature=true",4,216.268869479444,0.76995,0.77125,15.4042,5.8352,0.428,26.7756,31.5679,19.9891
"Caradrina_panurgia",1.2,"autofeature=true",2.5,137.91862109059,0.8843,0.77325,38.2869,18.8821,0,0,33.0829,9.748
"Caradrina_pertinax",0.8," -h",7,568.073008647204,0.853,0.7599,26.1492,17.2859,10.5625,12.0239,5.0507,28.9278
"Caradrina_phanosciera",0.5,"autofeature=true",4,131.513994785433,0.9619,0.943,60.8252,17.7336,0.0035,0.6879,16.1285,4.6214
"Caradrina_poecila",0.8,"autofeature=true",3,162.69393223014,0.8427,0.7533,23.4832,0.0753,1.9187,29.6754,11.811,33.0363
"Caradrina_pseudadelpha",0.9," -q",3,228.747566595598,0.827,0.73045,20.5745,1.06,0.5535,2.0858,6.4423,69.2839
"Caradrina_pulvis",1.1,"autofeature=true",3,153.564955159393,0.78555,0.8113,36.7914,14.2759,3.9058,11.8852,12.8884,20.2533
"Caradrina_rjabovi",1.3," -h",4,269.286279697703,0.82425,0.84685,22.073,43.3109,1.6926,0.3733,0.6526,31.8976
"Caradrina_salzi",1.4," -h",5,272.028974286239,0.83555,0.7798,8.6326,12.007,0,61.2754,15.1143,2.9707
"Caradrina_scotoptera",1.3,"autofeature=true",2.5,116.575931123346,0.943,0.98965,11.8826,0.3203,0,0,80.2339,7.5632
"Caradrina_stenoptera",0.6," -h -q",4,227.226434287838,0.8603,0.77035,8.563,13.7102,3.6372,1.5243,16.1764,56.3889
"Caradrina_surchica",1,"autofeature=true",3,194.599001067549,0.8332,0.7037,66.0879,10.4031,0,8.3245,9.2096,5.9749
"Caradrina_vicina",1.1,"autofeature=true",3.5,242.663153881837,0.7259,0.72205,12.7277,45.1941,3.0703,5.3704,21.4455,12.192
"Caradrina_wiltshirei",1.3,"autofeature=true",2.5,183.91636115785,0.8139,0.8157,59.2025,9.4083,0.1111,9.3889,5.6894,16.1997
"Caradrina_xanthorhoda",0.5," -h",7,381.689196361167,0.92955,0.9229,15.6893,21.4946,20.1042,23.1266,2.0979,17.4875
"Caradrina_zernyi",1.2,"autofeature=true",3,157.076890880367,0.7314,0.83685,9.0486,12.9369,0.5881,37.5477,11.3533,28.5254
"Cardepia_deserticola",0.5," -h",5,254.156507340968,0.7884,0.76485,13.8533,5.3471,0.8028,48.0268,23.9415,8.0285
"Cardepia_sociabilis",1.1,"autofeature=true",1.5,149.361071023043,0.63035,0.70715,10.016,18.5037,59.3871,1.662,10.4312,0
"Cataclysme_riguata",0.6," -h",6.5,403.663276851305,0.90355,0.8718,11.43,18.2204,17.2038,0.8987,6.4212,45.8259
"Catarhoe_arachne",1.3,"autofeature=true",2.5,150.911056363941,0.7484,0.75085,7.7362,2.5373,38.5325,3.1308,31.3468,6.7163
"Catarhoe_permixtaria",1.3," -h",5,419.090828696112,0.7608,0.73125,6.9221,38.5058,1.8826,7.4101,2.6474,42.6319
"Catarhoe_putridaria",1,"autofeature=true",2,224.172787694065,0.7063,0.71335,1.1276,14.8461,30.362,14.1012,10.8327,28.7303
"Catarhoe_renodata",1.3," -h",3,265.529175326496,0.8527,0.8533,58.621,7.2144,6.3426,22.1854,0.7376,4.8989
"Catarhoe_rubidata",1," -h -q",3,273.841581409093,0.8907,0.8843,65.7397,0.0784,1.2398,2.9478,5.4427,24.5517
"Chersotis_anatolica",1.2,"autofeature=true",1.5,126.641446096025,0.886,0.8641,29.628,0.8687,26.4757,2.7086,23.9788,16.3402
"Chersotis_fimbriola",0.6," -h",7,481.186880250842,0.887,0.8536,13.9625,16.1974,30.0863,36.5924,0.5694,2.5921
"Chersotis_firdusii",0.8,"autofeature=true",4,152.879828737144,0.8046,0.76865,26.9221,44.5142,14.9856,2.7833,0.5281,10.2666
"Chersotis_hahni",1.2,"autofeature=true",3,150.174428825629,0.81405,0.8709,0.6164,6.4791,1.3732,8.3035,61.0751,22.1527
"Chersotis_juvenis",1.2,"autofeature=true",3,166.409631752685,0.7897,0.81925,54.7009,13.0366,9.8005,5.4653,0.0141,16.9827
"Chersotis_laeta",1," -h",4,247.221055649631,0.83915,0.85565,3.4563,25.5629,38.7786,20.6922,0.2603,11.2496
"Chersotis_larixia",1.4,"autofeature=true",3,164.769695274791,0.81385,0.7103,6.4214,40.7444,12.0579,36.3758,4.1529,0.2477
"Chersotis_multangula",0.9,"autofeature=true",3,148.738528687971,0.8145,0.78935,1.9016,15.8037,25.9961,1.6329,12.9628,41.7029
"Chersotis_semna",0.8,"autofeature=true",4,210.58785809085,0.8731,0.74105,43.0566,4.9243,41.4464,2.1992,6.7257,1.6479
"Chiasmia_aestimaria",1.3," -h -q",3,288.94409903199,0.8981,0.90905,0.7472,0.2938,0,54.1231,41.2665,3.5694
"Chilena_laristana",1.5," -h",7,473.090136769436,0.89545,0.8945,1.9917,4.1932,0,65.6661,26.9911,1.158
"Chilena_sordida",1.4,"autofeature=true",27,1164.20533240058,0.75045,0.7218,14.5215,7.8399,3.009,60.7089,4.0875,9.8332
"Chloantha_hyperici",0.6," -h",7,499.57797937564,0.88895,0.88315,13.6435,30.4478,2.212,1.7241,41.137,10.8357
"Chondrostega_hyrcana",0.7,"autofeature=true",3,153.637107980552,0.91035,0.90695,3.2993,33.966,0.8412,0.0469,41.8933,19.9534
"Chondrostega_palaestrana",1.1,"autofeature=true",3,120.843851389525,0.88365,0.8612,0.9789,7.9403,0,1.0292,81.1789,8.8727
"Chrysodeixis_chalcites",1," -h",6.5,876.051717499455,0.81795,0.7675,1.4028,39.432,0.2717,33.3383,20.9961,4.5592
"Cidaria_fulvata",1.2," -h -q",3,269.534226323687,0.8102,0.78965,38.8155,0.1966,15.8238,15.9457,2.5921,26.6264
"Cilix_glaucata",1.1," -h",4,380.65194193607,0.7505,0.7594,16.6132,15.4037,8.6771,36.0971,16.1643,7.0446
"Cirrhia_ocellaris",1.2,"autofeature=true",2,130.419581083699,0.8001,0.80235,10.4337,0,0.7407,41.1025,45.4348,2.2882
"Cleonymia_baetica",1,"autofeature=true",2.5,139.234144336864,0.8433,0.82395,5.4523,0,12.5803,69.0398,10.6929,2.2346
"Cornutiplusia_circumflexa",0.7,"autofeature=true",49,1464.90483093776,0.7668,0.70845,27.6251,16.4692,7.7752,18.0915,16.0674,13.9714
"Cosmorhoe_ocellata",0.8,"autofeature=true",2,168.433894716287,0.73705,0.7197,8.1384,0,44.4908,0.0129,13.6425,33.7154
"Costaconvexa_polygrammata",0.5," -h -q",4,209.824011436336,0.86105,0.7252,1.4015,38.0977,0.6676,38.9277,17.0137,3.8918
"Craniophora_ligustri",0.5,"autofeature=true",2.5,117.125299604712,0.7425,0.7753,7.564,10.3429,23.76,40.7004,0.7767,16.8561
"Craniophora_pontica",1.3,"autofeature=true",3.5,210.146379943886,0.83565,0.8316,61.7386,15.9176,0,1.3316,4.6512,16.361
"Cryphia_receptricula",1.3,"autofeature=true",4,194.015378539415,0.861,0.84895,39.295,28.6942,1.6424,1.0817,1.1954,28.0913
"Cucullia_argentina",0.9,"autofeature=true",4,221.487155509339,0.80985,0.7338,1.4015,22.4848,27.3633,0,27.7886,20.9618
"Desertoplusia_bella",1.2," -h -q",2.5,218.170759417843,0.8388,0.75135,0.0441,10.3974,31.8025,0.2479,11.3359,46.1721
"Desertoplusia_colornata",1.2," -h",6,549.868493340097,0.77875,0.72965,15.4768,23.9473,3.6246,10.0134,38.3435,8.5944
"Diachrysia_chryson",1.3,"autofeature=true",3,176.351638543473,0.83215,0.88885,0,1.0697,7.2065,88.4312,0.0183,3.2743
"Diachrysia_generosa",0.6," -h",7,805.339369002871,0.80245,0.76455,41.1243,17.4692,0.3381,2.0479,11.3823,27.6381
"Dichagyris_candelisequa",1.2," -h -q",3,284.492259101165,0.81835,0.77625,87.4014,3.4898,3.4455,1.9307,0,3.7325
"Dichagyris_celebrata",0.9," -h -q",3,231.20345823,0.82685,0.71345,3.2173,4.2258,0,5.6011,71.4986,15.4571
"Dichagyris_celsicola",0.5,"autofeature=true",5.5,232.746935028739,0.9383,0.90405,10.7946,25.2719,27.2037,0.6205,26.5266,9.5827
"Dichagyris_devota",1.1,"autofeature=true",4.5,178.647231053891,0.8275,0.7496,21.4345,34.6056,0,4.8673,12.7932,26.2995
"Dichagyris_elbursica",0.5," -h",8,482.042420299827,0.85605,0.805,18.9165,15.733,11.1039,10.6089,2.6623,40.9753
"Dichagyris_flammatra",0.5," -h",7.5,630.740480099368,0.81845,0.7553,18.4429,25.5145,2.8783,1.907,37.7751,13.4822
"Dichagyris_flavina",1.3," -h -q",4.5,358.033463310396,0.7402,0.7349,20.3867,2.6369,0,21.4983,28.277,27.201
"Dichagyris_forcipula",1.3," -h",4.5,351.207405489757,0.86855,0.82275,58.1124,12.4205,11.0568,0.6287,14.9505,2.8311
"Dichagyris_forficula",0.9," -h",7,946.92977511624,0.7598,0.73115,38.1808,11.4271,3.1124,2.5242,4.4312,40.3243
"Dichagyris_gracilis",1.4,"autofeature=true",2.5,130.259590616232,0.8383,0.81265,19.6925,21.6127,15.382,0.8759,33.6385,8.7983
"Dichagyris_grisescens",1," -h -q",3.5,303.781507714962,0.80065,0.7874,29.3925,8.3599,18.1992,11.7842,2.318,29.9462
"Dichagyris_humilis",1,"autofeature=true",4.5,233.931697259819,0.81045,0.84085,9.9047,61.336,1.5591,1.0172,0.6266,25.5565
"Dichagyris_iranicola",1," -h",7,542.56078704615,0.7956,0.75545,26.0474,19.47,34.9202,8.9851,3.0019,7.5754
"Dichagyris_leucomelas",0.7," -h",6,584.878761066762,0.79345,0.7426,38.5863,32.785,4.5609,1.918,4.7964,17.3534
"Dichagyris_nigrolineata",1.3," -h -q",4,442.812398417368,0.7963,0.76415,31.931,12.5074,42.3839,3.1599,9.5624,0.4553
"Dichagyris_psammochroa",1.2,"autofeature=true",4.5,234.515985057912,0.9116,0.8428,62.5447,13.6566,20.5497,1.8881,0.6274,0.7336
"Dichagyris_signifera",0.7," -h",7,365.147339927241,0.9136,0.9012,46.415,23.5284,4.3519,0.0307,13.1186,12.5554
"Dichagyris_singularis",1.4,"autofeature=true",4,184.316271275347,0.846,0.8326,48.7003,6.2125,1.5163,12.3089,6.2313,25.0308
"Dichagyris_squalidior",0.8," -h",7,634.018646694783,0.8089,0.7646,49.7061,17.4583,12.6352,3.7496,8.0705,8.3802
"Dichagyris_striata",1,"autofeature=true",2,144.250714079432,0.83065,0.8927,3.1451,4.1111,47.716,0,44.9345,0.0933
"Dichagyris_taftana",0.9," -h -q",3,256.008222067251,0.86335,0.88795,18.1734,5.782,28.4538,16.5816,0.859,30.1502
"Dichagyris_terminicincta",1.5," -h",5,550.397787152747,0.84195,0.7818,19.8717,7.9675,28.9924,31.3121,0.4079,11.4486
"Dichagyris_vallesiaca",1," -h",4,216.584229991496,0.8286,0.8116,11.1219,41.9294,4.3559,12.3932,2.5303,27.6692
"Dicycla_oo",0.8," -h",7,456.946748582916,0.86775,0.77555,67.4819,12.5204,0.0255,6.1367,5.4632,8.3723
"Drasteriodes_medialis",1.2,"autofeature=true",4.5,201.836040524584,0.84495,0.72335,38.2532,2.565,0,17.2554,34.9671,6.9592
"Dysmilichia_bicyclica",0.9," -h",5,342.838466557204,0.6221,0.7374,27.1072,16.3196,0,31.0475,14.376,11.1498
"Dysmilichia_erastrioides",1.2," -h",5,357.173728326318,0.76205,0.71805,4.4596,3.2823,0,56.3428,31.4515,4.4639
"Dysmilichia_phaulopsis",0.9," -q",26,247.335006748663,0.8929,0.82825,2.8973,21.2822,5.6454,59.6466,3.7133,6.8152
"Ennomos_quercaria",0.6," -h -q",3,256.885718003768,0.67615,0.79685,1.6841,3.9684,3.9208,2.2651,82.1302,6.0313
"Entephria_catochra",1.1,"autofeature=true",2.5,150.030463331635,0.7496,0.74805,0.1404,70.2234,0,5.6662,22.8964,1.0736
"Enterpia_laudeti",1.2,"autofeature=true",4,228.498186663597,0.8768,0.8444,6.8808,8.0485,0.6805,2.0932,37.8576,44.4393
"Enterpia_picturata",1,"autofeature=true",4,169.511004011445,0.79435,0.80185,2.0009,1.3102,19.8646,0,75.7549,1.0693
"Episema_lederi",0.6," -q",40,281.739842296732,0.949,0.9132,14.5033,38.6393,7.9168,27.1253,7.0192,4.7961
"Eremohadena_coluteae",1.1,"autofeature=true",1.5,129.853992671456,0.7533,0.80675,27.4335,15.6805,8.4357,15.2698,12.8565,20.324
"Eremohadena_rjabovi",1,"autofeature=true",2,148.302294024571,0.7669,0.9117,25.452,11.5224,0,0,24.4764,18.5492
"Eriogaster_acanthophylli",0.9,"autofeature=true",3.5,208.26919590111,0.7067,0.71265,20.5448,37.5289,7.5028,8.6241,8.1909,17.6085
"Eriogaster_amygdali",0.8,"autofeature=true",4,178.924848294248,0.86435,0.8556,15.7234,1.023,0.2144,44.6095,34.0042,4.4255
"Euchalcia_chalcophanes",1.1,"autofeature=true",3.5,184.703419180606,0.8454,0.8434,20.7892,9.5602,40.148,2.6392,17.27,9.5933
"Euchalcia_emichi",0.6," -h -q",4,291.814397576443,0.7313,0.72385,19.255,43.8284,0.0323,20.8122,7.9574,8.1147
"Euchalcia_taurica",1.3," -h",4,357.08883230374,0.78715,0.74295,48.7308,11.35,17.4467,0.7295,18.8696,2.8734
"Eugnorisma_eminens",0.9," -q",3.5,224.677031423523,0.85645,0.8671,69.9442,14.4333,1.9195,2.6784,0.9971,10.0275
"Eugnorisma_insignata",1.2," -h",7,566.41641753719,0.84435,0.7988,46.9225,21.4447,6.6355,0.3016,12.354,12.3417
"Eugnorisma_pontica",1.4,"autofeature=true",3,199.154981212653,0.7899,0.76245,3e-04,20.245,14.4626,0,53.11,12.1821
"Eulocastra_bryophilioides",0.6," -q",4,208.164805872737,0.8783,0.88825,36.7292,10.4313,1.1821,1.5647,0.0027,50.0899
"Euphyia_frustata",0.8," -h",6,532.448856647945,0.7832,0.73805,14.6269,19.5953,45.273,15.9841,1.1012,3.4195
"Euphyia_obvallata",1,"autofeature=true",4,192.435568100591,0.72515,0.70545,4.5978,30.4857,18.2052,28.4142,2.376,15.9212
"Eupithecia_brunneata",1.3,"autofeature=true",2.5,199.811414518056,0.7474,0.70565,2.4912,0.0583,8.6595,80.3725,6.3599,2.0586
"Euxoa_aquilina",0.5," -h",7.5,477.073691895705,0.8707,0.82355,64.7736,8.8255,5.7359,4.5073,0.9784,15.1793
"Euxoa_canariensis",1," -q",21.5,714.721358790619,0.8013,0.7146,7.7545,8.2287,3.5433,22.5515,38.3229,19.599
"Euxoa_conspicua",0.7," -h",7,1025.48428802988,0.71815,0.7076,4.5274,36.1615,17.819,1.0872,37.05,3.3549
"Euxoa_difficillima",1.4," -h",4.5,368.981724828866,0.8962,0.8604,34.4388,8.9737,34.7008,16.8076,0.2242,4.8548
"Euxoa_foeda",1.4," -q",2.5,218.008051735296,0.7502,0.70475,9.1324,78.5886,0.049,0.1983,6.241,5.7908
"Euxoa_heringi",0.5," -h",7,403.177546548693,0.8444,0.754,10.0225,30.6325,31.8835,11.1033,1.4027,14.9556
"Euxoa_homicida",1.1," -h -q",3,250.408436712471,0.8096,0.7113,13.5004,12.9535,2.7213,15.1128,0.1338,45.5782
"Euxoa_mustelina",1.3,"autofeature=true",3,185.867120921507,0.8208,0.78605,3.2923,65.0761,14.645,4.7022,10.8866,1.3979
"Euxoa_perierga",0.8," -h -q",3.5,217.157109331354,0.9176,0.9087,82.2689,3.0106,2.5516,6.2489,2.4324,3.4877
"Euxoa_rjabovi",1.3,"autofeature=true",4,189.622308777808,0.8437,0.76935,5.4292,25.9415,24.2984,25.8078,8.5117,10.0113
"Euxoa_scurrilis",1.3,"autofeature=true",3,180.100883843898,0.87875,0.88495,47.985,11.0874,21.6397,15.0527,3.0491,1.1862
"Euxoa_transcaspica",1.3," -h -q",2.5,255.913134559292,0.71875,0.79245,24.4715,10.0404,11.6698,0,41.0106,2.8077
"Gnopharmia_colchidaria",1.3," threshold=false -h",9.5,1989.25166331755,0.7179,0.7143,28.4005,21.7486,4.1385,25.2784,14.0569,6.3771
"Gnopharmia_irakensis",0.8," -h",8,865.171006415987,0.7486,0.74775,16.4601,41.7082,0.2653,6.14,2.7978,32.6286
"Gnopharmia_kasrunensis",0.8," -h",7,773.955174822081,0.7974,0.7793,25.2211,8.4916,0.2121,33.4148,24.2567,8.4035
"Gnophosema_isometra",1.4,"autofeature=true",3,217.758573645472,0.77145,0.7396,0.2523,1.4164,10.8271,56.9374,15.3657,15.2011
"Gnophosema_palumba",0.8," -h -q",3,207.828325486107,0.8391,0.7408,39.4104,6.3815,42.0647,1.9509,4.299,5.8934
"Griposia_jahannamah",1.4,"autofeature=true",2,149.530557572176,0.7514,0.7409,57.3591,7.9582,6.1006,11.6803,16.5231,0.3787
"Gymnoscelis_rufifasciata",1.3," -h",6,417.033838916483,0.8205,0.795,16.0864,10.5128,0.0256,16.3696,47.2041,9.8016
"Habrosyne_pyritoides",1.3," -h",6,602.752138410752,0.90635,0.8891,1.3546,4.8235,0,2.5276,87.4118,3.8824
"Hadena_albimacula",0.6," -h",5,266.34953967949,0.85465,0.85615,18.2785,37.3928,14.1196,7.9147,5.1747,17.1196
"Hadena_cimelia",1.3,"autofeature=true",3.5,195.967371938813,0.8348,0.8254,54.9171,5.0176,0,0,36.9707,3.0946
"Hadena_clara",0.8," -q",21,284.511503147897,0.91465,0.83265,9.8475,23.013,21.2924,11.3324,5.1798,29.3348
"Hadena_compta",0.8," -h",7.5,585.984361961817,0.85075,0.79655,19.647,34.6559,19.2131,4.0926,4.4204,17.971
"Hadena_draudti",0.8,"autofeature=true",3,125.925457459009,0.9025,0.9521,19.1418,54.8704,11.7224,11.7064,2.5385,0.0205
"Hadena_drenowskii",1.2," -h",3.5,263.522871049266,0.84685,0.8111,35.1801,47.8091,4e-04,0.5652,12.9106,3.5347
"Hadena_femina",1.3," -h",2.5,216.59029067687,0.8115,0.79945,58.2209,16.2247,10.4411,0.5009,7.0132,7.5993
"Hadena_gueneei",0.5," -h",6,264.596422957953,0.9343,0.91975,16.0203,25.4231,14.2199,0,36.7911,7.5456
"Hadena_hyrcanoides",1.2,"autofeature=true",2,149.063667025942,0.84285,0.8147,22.6648,0.7518,2.9607,3.745,16.2826,53.5951
"Hadena_inexpectata",1.3,"autofeature=true",3,220.430864451458,0.782,0.7005,16.3986,8.9356,0,7.5482,30.2976,36.8201
"Hadena_lypra",0.9," -h -q",4,374.735279656192,0.756,0.72575,15.6939,4.4846,3.6161,0,73.0615,3.144
"Hadena_magnolii",1," -h",6,430.278076842153,0.80805,0.74935,12.4354,26.0832,2.0092,12.0551,2.2775,45.1396
"Hadena_melanochroa",1,"autofeature=true",3,162.729814502286,0.8896,0.8493,3.5312,0.2895,50.1925,0.0089,34.1043,11.8737
"Hadena_mesolampra",1.4,"autofeature=true",3,147.122277136009,0.87205,0.7873,63.7132,9.7276,18.823,5.6474,0,2.0888
"Hadena_perplexa",0.8," -h -q",4,297.401540097822,0.81925,0.78955,1.4286,6.6091,0.0204,5.4457,20.9401,65.5561
"Hadena_purpurea",1.1,"autofeature=true",2.5,150.869510755802,0.71965,0.7345,19.9841,18.1714,1.1755,3.0972,0.8257,46.7459
"Hadena_tephroleuca",1.2,"autofeature=true",3,219.690958723513,0.80145,0.7444,37.6581,28.964,2.3692,2.1486,15.1014,13.7586
"Hadena_thecaphaga",0.6," -h -q",3.5,270.581019209606,0.80555,0.7273,5.0399,49.0319,0.8888,6.3832,1.8866,36.7696
"Hadjina_lutosa",1.2,"autofeature=true",3,146.848128450519,0.76855,0.8949,40.8846,0.2292,20.9084,29.7075,0.001,8.2694
"Hadjina_viscosa",1.4,"autofeature=true",2,147.383652648989,0.7497,0.9023,26.1632,19.0263,3.6936,48.7871,1.1596,1.1704
"Haemerosia_renalis",0.8,"autofeature=true",4,146.208414436109,0.9133,0.84255,50.218,5.9886,12.1778,0,26.8776,4.7379
"Hecatera_bicolorata",1.5," -q",33,271.81027439397,0.9475,0.9294,20.1213,14.7515,0.6972,27.4549,10.0029,26.9723
"Hecatera_dysodea",0.5," -h",7,491.620896589809,0.7401,0.7064,35.3507,26.6622,4.2705,2.8229,9.3443,21.5495
"Hecatera_rhodocharis",0.9," -h -q",4,279.559177841168,0.8792,0.8518,45.1996,5.0077,9.4175,0,3.977,36.3982
"Helicoverpa_armigera",0.6," -h",7,629.584551548426,0.8133,0.7889,11.758,17.2601,5.421,0.367,47.0701,18.1238
"Heliocheilus_confertissima",1.3," -h -q",3,256.334231312984,0.82735,0.8988,0.1554,1.4537,0,28.7924,69.4236,0.1749
"Heliothis_incarnata",0.7," -h",5,247.264440883528,0.76715,0.7898,8.0243,3.4392,0.6833,63.5382,17.7385,6.5765
"Heliothis_nubigera",0.5," -h",7,560.411149226421,0.75965,0.7582,3.6916,24.875,1.0759,11.5474,53.0164,5.7937
"Heliothis_peltigera",1.1," -q",29,994.197775923477,0.7668,0.72155,12.7933,20.5397,11.5966,20.0275,27.2364,7.8065
"Heliothis_viriplaca",0.6," -h",7,545.237738654736,0.7644,0.7247,25.8878,21.8819,11.8985,19.8824,0.2051,20.2442
"Hemidromodes_sabulifera",1.4," -h -q",3,248.673047352079,0.78355,0.74815,52.1109,1.6924,7.8414,0,33.6404,4.7149
"Heteroculpinia_pasargades",0.5," -h",7,550.030917636721,0.8136,0.7484,29.9423,21.3532,9.1568,2.7803,1.4835,35.284
"Heteroculpinia_prouti",1," -h",4.5,294.996358682736,0.833,0.79265,0.8276,2.5163,3.1498,0,81.3453,12.161
"Heterophysa_dumetorum",0.6," -h",6,299.165813378826,0.8004,0.71815,10.1158,64.7577,2.9141,9.6193,3.9432,8.6499
"Hoplodrina_ambigua",1.5," -h",5,436.576276555665,0.8156,0.75695,16.302,16.7256,1.4638,4.7158,49.3461,11.4467
"Hoplodrina_blanda",0.6,"autofeature=true",2.5,169.379810543326,0.7546,0.75005,58.0367,22.3368,2.582,0.2643,15.1712,1.609
"Hydrelia_chionata",1.3,"autofeature=true",1.5,129.061845256338,0.74675,0.7784,0,65.7616,0,12.316,0.5283,11.3941
"Hydria_montivagata",1.1," -h",4,384.935942154637,0.71845,0.72465,3.9244,15.0711,15.9949,0,28.9214,36.0882
"Hyperythra_swinhoei",1.3,"autofeature=true",2,147.312373470209,0.7876,0.726,0.4455,0.1693,0,65.6742,14.1565,19.5545
"Idaea_camparia",0.5,"autofeature=true",4,177.329563408989,0.86465,0.7759,7.4516,14.1191,1.4336,14.1706,57.3311,5.494
"Idaea_degeneraria",0.5," -h -q",5,281.040348619212,0.85085,0.9047,19.1819,9.1965,1.302,5.7647,57.5139,7.041
"Idaea_ossiculata",1.5," -h",4,252.114137891547,0.7962,0.7873,5.5483,28.2192,29.9564,22.2409,3.8516,10.1836
"Idaea_persidis",1,"autofeature=true",2,168.153654983661,0.74965,0.77675,35.8468,36.7095,1.5427,10.6313,8.6775,6.5922
"Idaea_proclivata",1,"autofeature=true",5,106.542540713569,0.9498,0.9814,32.5982,12.5239,0.9286,0,4.0609,49.8883
"Idaea_rufaria",0.8," -h -q",3.5,247.90649316232,0.8489,0.8207,18.0625,29.5048,18.1368,0.3536,23.4024,10.5398
"Idaea_rusticata",0.8,"autofeature=true",3,190.962142984951,0.7194,0.75195,0.3978,34.0996,0.0542,3.0168,47.7164,14.7153
"Iranada_tarachoides",1.1,"autofeature=true",3,202.026998434592,0.81405,0.76365,0.2728,16.631,11.5723,9.9988,0.3463,61.1788
"Iranada_turcorum",1.2,"autofeature=true",3,179.703935765002,0.84045,0.8308,2.3974,1.7652,6.5692,84.4563,4.397,0.4148
"Lacanobia_oleracea",1.1," -h -q",2.5,268.737815920604,0.8115,0.72105,73.0944,1.7908,0.0719,23.5042,0,1.5387
"Lasiocampa_eversmanni",1.4," -p -h",8,1458.56363295286,0.78015,0.7299,8.6745,35.4318,18.8332,1.2182,11.1539,24.6884
"Lasiocampa_herzi",0.9,"autofeature=true",3,80.7217398327238,0.7752,0.7373,20.3958,4.8783,12.8867,27.0255,31.7944,3.0192
"Leucania_loreyi",0.6," -h",7,531.248182189618,0.80885,0.70695,16.6218,37.7199,0.7318,3.3659,39.5651,1.9954
"Lithostege_buxtoni",0.8,"autofeature=true",3,130.285675075971,0.7868,0.7374,16.6144,5.7271,1.0681,19.3051,47.2575,10.0278
"Lithostege_palaestinensis",1.5," -h",3,209.09006883748,0.88785,0.8103,3.7929,0.5345,14.8884,64.5206,11.4036,4.86
"Litoligia_literosa",0.8,"autofeature=true",25,268.850356488944,0.9633,0.92995,33.9014,22.452,6.3139,8.5205,8.8895,19.9227
"Lulavia_multipunctata",1.1,"autofeature=true",2,148.929918041126,0.7483,0.81865,6.8693,1.1676,0,30.6744,23.4581,37.8306
"Lycophorus_benigna",1.1,"autofeature=true",3.5,205.895705334167,0.74575,0.7366,25.214,12.9414,0.0196,8.1249,46.5925,7.1077
"Macdunnoughia_confusa",1.2," -h -q",4.5,935.885826477905,0.7928,0.782,0.8165,12.241,0.0341,40.1643,45.6365,1.1076
"Malacosoma_castrensis",1.1," -h",8,1220.71555673408,0.83565,0.80735,10.1518,41.5913,26.8591,7.1899,2.6261,11.5818
"Malacosoma_iranica",0.5," -h",8,663.9577059953,0.8971,0.8371,10.6695,56.1915,21.8476,0.5476,4.7715,5.9723
"Malacosoma_neustria",1.3," -h",6.5,541.088907600134,0.82225,0.76555,4.7122,4.4994,0.7079,32.008,31.341,26.7315
"Maraschia_grisescens",1.2,"autofeature=true",2,149.570843854105,0.68645,0.73315,10.0534,19.8983,0.1017,31.9314,23.1303,4.8849
"Margelana_flavidior",1.3,"autofeature=true",4,172.851470491487,0.9403,0.93395,12.9843,11.0298,20.3482,55.5121,0.1024,0.0232
"Masalia_perstriata",1.4,"autofeature=true",4,176.199268681334,0.7993,0.8815,18.1635,2.2995,0.1407,30.9691,46.3412,2.086
"Masalia_philbyi",1.4,"autofeature=true",3,202.350666604897,0.8034,0.71765,24.8771,5.6345,3.8963,56.7508,0.2737,8.5676
"Metopoceras_omar",0.9,"autofeature=true",4,232.010224873844,0.832,0.8241,27.41,4.282,1.5553,32.3499,31.5695,2.8331
"Microloxia_herbaria",1.2," -h",4.5,279.606173565264,0.8149,0.81685,8.5676,15.8268,0.5236,1.8158,58.0842,15.182
"Mythimna_albipuncta",1.1," -h -q",3,233.211162062968,0.7683,0.7082,0.1978,5.6519,47.1534,44.3671,0,2.6298
"Mythimna_unipuncta",1," -h",4,342.978683568555,0.82955,0.75385,5.1474,14.6132,0.2055,11.4754,65.4575,3.1011
"Mythimna_vitellina",1.2," -h",6,473.467601756616,0.8093,0.7674,18.784,11.8313,2.3152,5.8192,46.318,14.9323
"Nebula_reclamata",1,"autofeature=true",2,105.40226493067,0.85725,0.891,67.1163,18.9506,5.8019,5.3172,2.5025,0.3114
"Neognopharmia_stevenaria",1.2,"autofeature=true",5,172.66155984133,0.92165,0.95135,23.2319,3.45,0.0183,6.7364,41.3679,25.1955
"Neromia_pulvereisparsa",1,"autofeature=true",4,201.702412600707,0.76725,0.7453,11.883,9.1817,11.1724,0.1307,53.7779,13.8543
"Neromia_simplexa",1.2,"autofeature=true",2,150.599114045127,0.70805,0.8987,1.7266,8.0517,4.8605,45.5979,8.0569,31.7064
"Noctua_comes",0.5," -h -q",4.5,230.696219584611,0.82875,0.8467,55.3932,11.3561,7.6045,3.9,4.5925,17.1537
"Noctua_pronuba",1.2," -h -q",3,289.106172154829,0.81885,0.78195,2.266,0,0,50.9542,44.9738,1.806
"Nychiodes_admirabila",1.2,"autofeature=true",2,77.0205052592382,0.7608,0.89875,0,25.8965,4.9464,0,0.5464,48.6107
"Nychiodes_divergaria",0.7," -p -h",8,1319.53841169373,0.78835,0.7347,61.5416,14.4437,2.0303,2.4991,12.2262,7.259
"Nychiodes_leviata",1.1,"autofeature=true",2,151.235943184809,0.7777,0.8176,7.6339,8.3473,16.3355,0.7588,19.9369,46.9876
"Nychiodes_subvirida",1.1," -h -q",4,497.9888922053,0.7458,0.7207,18.7084,14.8347,14.6076,1.6022,8.3663,41.8808
"Ochropleura_plecta",1.3,"autofeature=true",2,163.016590429506,0.8363,0.76275,0.1121,0.0335,0,32.3412,42.4643,25.0488
"Opigena_polygona",1.2," -h",4.5,373.236060628865,0.8567,0.87645,3.539,30.4535,52.1216,0,13.167,0.7189
"Opisthograptis_luteolata",1.4,"autofeature=true",2,144.305323183,0.7845,0.73305,0,3.8301,0,68.9347,17.0962,10.139
"Orthonama_obstipata",0.8," -h",6,508.833853137152,0.72255,0.71115,16.5817,9.17,0.0844,63.4942,6.964,3.7057
"Orthostixis_cribraria",1,"autofeature=true",2,115.769998195808,0.7411,0.70465,0,31.6113,1.5583,54.0159,12.0925,0.722
"Oulobophora_externaria",1.4,"autofeature=true",4,223.507493185858,0.72875,0.7801,2.1141,9.8933,2.2689,46.0873,20.1499,19.4865
"Ourapteryx_persica",1.1," -h -q",4,550.173074995741,0.69485,0.71525,21.0645,22.9408,5.3911,5.8701,37.8514,6.8821
"Ozarba_tamsina",1,"autofeature=true",3.5,188.133647520169,0.8145,0.7495,12.0059,12.6757,0.8763,26.7611,31.8104,15.8705
"Pachypasa_otus",1,"autofeature=true",4,208.73576834994,0.73425,0.7256,40.8702,9.629,15.4007,17.1151,2.9512,14.0338
"Pasiphila_hyrcanica",0.6,"autofeature=true",2,94.3076615633135,0.85395,0.74995,45.5661,1.4552,0.0968,39.551,10.3313,2.9996
"Pasiphila_palaearctica",1.1,"autofeature=true",2,146.278348594962,0.72055,0.84015,0,4.7419,2.9237,53.2618,19.0637,10.009
"Peribatodes_rhomboidaria",0.7," -h -q",4,265.841975245301,0.87175,0.912,2.4999,16.7149,1.747,3.2407,69.5136,6.284
"Peribatodes_umbraria",0.8," -h",6,315.335595406136,0.8785,0.8484,13.3962,25.8743,2.08,1.3648,55.5704,1.7144
"Periphanes_delphinii",0.6," -h -q",3,236.81321258693,0.7421,0.75505,2.2239,15.9071,33.8366,9.9516,30.4038,7.6769
"Phaiogramma_etruscaria",1.3,"autofeature=true",20,896.04512461,0.8619,0.8157,12.0919,40.0657,16.7632,9.4532,11.5602,10.0659
"Phaselia_pithana",1.3,"autofeature=true",2,187.585893579288,0.7144,0.7907,16.7866,26.4404,24.8347,9.9713,14.7879,7.1791
"Philereme_transversata",0.5," -h",6,251.031012878583,0.809,0.8154,7.6993,19.5019,0.9417,5.4997,58.0765,8.281
"Phyllodesma_farahae",0.9," -h",7,697.646292656548,0.89255,0.9061,1.6114,29.0208,1.1951,9.1225,48.1824,10.8678
"Phyllodesma_glasunowi",0.8," -h",7,856.082049101236,0.81215,0.70585,29.6953,44.9087,3.0954,0.7625,2.4042,19.1339
"Phyllophila_obliterata",0.5,"autofeature=true",4,189.143200616063,0.8476,0.8558,4.3106,18.5458,5.0364,59.6741,3.3189,9.1141
"Pingasa_lahayei",0.7," -h",8,950.688068018645,0.83505,0.81375,10.1889,2.771,0.038,73.136,8.4799,5.3861
"Plusia_festucae",0.8," -h",6,569.287992080862,0.87455,0.82095,1.2062,20.9548,0.0946,1.0817,74.0452,2.6176
"Polymixis_atossa",1.3,"autofeature=true",2.5,166.342237741756,0.82875,0.9115,5.4351,66.6747,16.637,0.1179,11.1354,0
"Polymixis_colluta",1,"autofeature=true",3,157.869113528859,0.87415,0.7956,15.4264,52.5692,13.0139,6.2782,5.166,7.5464
"Polymixis_crinomima",1.1,"autofeature=true",2.5,147.819228740648,0.8561,0.7695,24.8988,8.2476,11.699,6.5814,47.7689,0.8044
"Polymixis_dubiosa",0.7," -h",6,284.710495944949,0.84345,0.908,2.6053,35.9151,1.3829,35.2759,17.2029,7.618
"Polymixis_rosinae",0.5,"autofeature=true",6,201.725608690737,0.94035,0.9061,24.7384,54.7767,6.4791,0.1739,4.97,8.8619
"Polymixis_trisignata",1.3,"autofeature=true",4,187.40208724896,0.7967,0.7559,3.5632,35.4558,16.987,0,39.4992,4.4948
"Polyphaenis_monophaenis",1.2,"autofeature=true",3.5,253.728684816376,0.7969,0.73015,22.5606,7.4306,1.0487,16.8282,6.3622,45.7697
"Problepsis_wiltshirei",0.6," -h -q",4.5,267.294017754271,0.9133,0.9062,70.806,0.5597,3.7475,0.0256,4.726,20.1351
"Protodeltote_pygarga",1,"autofeature=true",3.5,180.129806744369,0.85355,0.7021,16.3069,1.4724,43.6589,25.3851,0,13.1768
"Protorhoe_centralisata",1.5," -h",6,476.62486729861,0.79745,0.80775,14.8775,5.1216,5.5819,44.9574,5.7641,23.6974
"Protorhoe_tangaba",1,"autofeature=true",3.5,141.837349713071,0.72025,0.7438,2.5261,36.6566,0,4.9239,33.8467,22.0467
"Protoschinia_scutosa",1.2,"autofeature=true",2.5,153.236194376955,0.85695,0.8676,0.2636,0,0,66.9627,7.1449,25.6288
"Pseudenargia_deleta",1.3,"autofeature=true",2,126.903350715136,0.87255,0.7904,17.138,6.4054,0.3279,40.407,35.7216,0
"Pseudozarba_mesozona",1.3,"autofeature=true",1.5,147.261279183901,0.743,0.72555,0,0.4144,0,98.3045,1.1659,0.1152
"Rhodometra_sacraria",1," -h",6,504.448779217808,0.7479,0.73075,4.684,8.7693,0.073,76.3543,8.3174,1.8019
"Rhodostrophia_abscisaria",1,"autofeature=true",3.5,210.23852901697,0.8262,0.89665,40.3223,12.9555,33.122,1.7535,2.7936,9.053
"Rhodostrophia_auctata",0.5," -h",8,588.983049766095,0.8894,0.83455,15.8986,21.7987,1.754,48.0866,2.2116,10.2505
"Rhodostrophia_bahara",1.5," -h -q",2,234.794866674816,0.82155,0.7265,0.2175,1.9808,17.4597,0,79.9022,0.4398
"Rhodostrophia_cuprinaria",1.3," -h",5.5,376.645643438583,0.81025,0.73915,1.0875,38.404,21.6338,0,35.6413,3.2334
"Rhodostrophia_iranica",1.1,"autofeature=true",4,178.538545593705,0.88665,0.86675,21.8603,13.1788,3.287,42.1235,9.2713,10.2792
"Rhodostrophia_nesam",1," -h -q",5,663.759622217716,0.79835,0.71325,9.1251,9.4057,14.6709,0,47.4773,19.321
"Rhodostrophia_peripheres",1.5," -h -q",4,469.238043310392,0.8247,0.7625,85.777,2.7814,0.2435,0.3413,2.5603,8.2965
"Rhodostrophia_phaenicearia",1,"autofeature=true",20,725.155147473826,0.75065,0.70165,9.0298,35.2664,5.9375,26.4686,16.9163,6.3814
"Rhodostrophia_sieversi",1.1,"autofeature=true",4,227.533089206024,0.72365,0.7304,4.3815,5.9575,0.2069,28.7648,46.4987,14.1906
"Rhodostrophia_tabestana",1.4," -h -q",3,355.43989489789,0.79975,0.74665,28.0484,9.1519,33.2353,0,5.9772,23.5872
"Rhodostrophia_terrestraria",1.4," -h",7,702.425409927416,0.89545,0.8938,3.9892,20.1803,67.7124,0,7.6918,0.4263
"Rhodostrophia_tumulosa",0.8," -h",6,564.72458420712,0.84895,0.82135,50.1726,3.0189,28.4459,8.7556,1.6617,7.9453
"Rhyacia_psammia",0.7," -h -q",4,243.658923038398,0.8678,0.8251,13.2755,13.1802,23.0513,12.0662,0.0075,38.4193
"Sabzia_graminaria",1.3," -h",5,333.81060249942,0.8745,0.84065,13.2283,26.0108,19.9964,2.1236,0.3317,38.3092
"Scopula_ansulata",0.9,"autofeature=true",3,158.73222542012,0.846,0.83615,0.7184,14.7163,40.9581,18.2183,25.3851,0.0038
"Scopula_beckeraria",1.2," -p",28.5,1904.98427741808,0.8287,0.773,23.6204,31.7094,4.7771,3.3092,4.1927,32.3912
"Scopula_chalcographata",1.4," -h -q",4.5,515.384710387451,0.7481,0.72115,11.067,6.1273,12.5625,39.4909,25.148,5.6042
"Scopula_decorata",0.6," -h",7,493.730491037377,0.8432,0.72385,29.104,21.7503,26.9023,0.409,10.1364,11.698
"Scopula_diffinaria",0.9," -h",5.5,416.096799224821,0.77745,0.7635,5.4755,36.9507,15.5594,0.8698,2.6627,38.4818
"Scopula_flaccidaria",0.9,"autofeature=true",3,130.930423964599,0.9348,0.92125,6.1835,0.3152,0.1155,34.3396,58.2935,0.7527
"Scopula_gracilis",1.2," -h",4,279.175834782915,0.74785,0.7192,2.7226,5.3295,9.2443,7.0983,67.8204,7.7849
"Scopula_immistaria",0.9," -h",8,759.693235951469,0.87845,0.8511,42.6195,16.9287,7.5094,23.0604,1.3304,8.5516
"Scopula_marginepunctata",1.5," threshold=false -p",21.5,1496.02100266433,0.82745,0.7775,9.467,44.1997,15.1864,1.6089,3.3941,26.1439
"Scopula_ornata",0.5," -h",7,351.654417059239,0.86415,0.7439,26.5658,22.1482,0.7891,9.3125,38.1146,3.0698
"Scopula_sacraria",0.9," -h",7,845.967883698035,0.73915,0.70185,66.5913,21.0867,0.2394,4.6079,2.1171,5.3577
"Scopula_transcaspica",1.5," -q",22.5,1408.53485979372,0.78405,0.72745,7.2465,24.7436,8.1067,1.8949,10.7029,47.3053
"Scopula_turbulentaria",1.2," -h",6,425.180810538827,0.7735,0.75825,3.7087,21.0733,0,29.6242,38.9847,6.609
"Scotopteryx_fuscofasciata",1.2," -h",6,544.093829219323,0.858,0.84855,12.4712,21.4078,16.024,2.0535,8.284,39.7595
"Scotopteryx_sterilis",1.4," -h",3.5,284.454434140687,0.7882,0.77225,5.4793,5.8555,0,79.9012,7.2013,1.5626
"Scotopteryx_vicinaria",1.2," -h -q",3,379.077237475717,0.7377,0.737,12.8349,27.1853,25.419,32.796,0,1.7648
"Selenia_forsteri",1.4,"autofeature=true",3,121.486536189527,0.88135,0.733,2.1025,6.2953,10.0444,28.3412,37.5054,15.7112
"Sesamia_cretica",1.5," -h",4,257.36308758092,0.7838,0.7286,7.0098,4.0987,0,59.7533,25.5161,3.622
"Shargacucullia_asgharshirvanii",1.4,"autofeature=true",3,205.616738107119,0.7541,0.77795,2.5509,69.1524,1.5493,2.9682,1.1231,22.6561
"Shargacucullia_thapsiphaga",1,"autofeature=true",3.5,187.408031313276,0.79995,0.745,4.22,16.663,13.7089,1.5972,15.101,48.7099
"Spaelotis_demavendi",0.5," -h",6.5,385.452409394449,0.91855,0.9031,22.9243,14.269,25.4828,23.6926,1.0871,12.5442
"Spaelotis_ravida",1.1,"autofeature=true",3,149.595401208232,0.87835,0.8677,3.2765,16.0441,44.011,0,23.2507,13.4177
"Spodoptera_exigua",1.3," -h",10.5,1475.3497634494,0.7293,0.73375,8.8442,8.0401,2.6422,30.627,43.4089,6.4377
"Spodoptera_littoralis",1,"autofeature=true",4,210.786685797069,0.82105,0.867,6.3079,1.4691,36.2147,42.516,6.8409,6.6514
"Stamnodes_depeculata",1.2,"autofeature=true",3,210.483023468462,0.94895,0.93015,29.0658,0.7423,15.537,37.8241,0.0532,16.7777
"Standfussiana_lucernea",1.4,"autofeature=true",3,197.422002925298,0.87645,0.8598,23.0189,13.8185,23.8594,0.9483,28.2542,10.1007
"Standfussiana_nictymera",0.9,"autofeature=true",2,150.521734977756,0.7613,0.73115,0.3889,36.403,25.9156,3.5134,18.2654,15.5137
"Streblote_alpherakyi",1," -q",2,241.307181278329,0.6768,0.7167,27.4708,17.1793,4.0112,31.3556,7.1844,12.7986
"Streblote_siva",1," -h -q",5,507.101489366083,0.80115,0.73525,5.0187,0.9654,0.2146,75.1486,18.1491,0.5037
"Streblote_solitaria",1.2,"autofeature=true",3.5,203.109526769925,0.82315,0.7076,47.0983,7.0236,2.7636,0.7167,33.5076,8.8902
"Sympistis_confusa",1," -h",3.5,214.08375154648,0.81695,0.72625,51.5837,29.5816,4.6497,2.9996,2.3011,8.8844
"Sympistis_erythropsis",0.8,"autofeature=true",3,129.274224558729,0.863,0.8749,32.9226,1.8072,0,2.9401,37.6001,24.7301
"Sympistis_exacta",1.4," -h -q",3.5,316.003459600901,0.91855,0.8688,31.9313,0.0784,8.902,7.958,0.0546,51.0757
"Synopsia_phasidaria",0.7," -h",7.5,569.815990469404,0.89005,0.84305,34.4846,17.7616,18.6819,20.9011,3.1776,4.9933
"Tarachephia_hueberi",1.1,"autofeature=true",4,204.976894653087,0.8554,0.83875,1.0522,3.5774,16.83,62.403,3.1842,12.9532
"Tethea_ocularis",1.2," -h",5,733.737807213026,0.8005,0.8105,1.6179,1.5085,0.1082,43.0322,50.9219,2.8114
"Thalera_fimbrialis",0.6," -h",7,678.014594169714,0.8655,0.87245,30.2711,10.5848,15.0533,12.581,1.277,30.2328
"Thalerastria_diaphora",1," -h",5,459.648762733463,0.6957,0.71635,1.6341,10.735,0,58.116,14.7888,14.7261
"Thetidia_crucigerata",1.1," -h",6,412.323880569154,0.7015,0.71935,34.2167,33.5833,0.6771,6.0291,11.3958,14.0979
"Thetidia_fulminaria",0.5," -h",6.5,392.437278764919,0.8282,0.83795,14.6502,18.3301,22.0259,0.4953,21.522,22.9765
"Thetidia_persica",1.3," -h",5,844.822195045653,0.7888,0.73155,9.1036,14.6826,22.4814,24.6348,0.1924,28.9051
"Thiacidas_postica",0.6," -h",5,277.203759326629,0.8378,0.78695,5.5484,3.1404,1.9333,48.1923,38.6307,2.555
"Thyatira_hedemanni",0.5," -h -q",5,817.133697490017,0.82715,0.8396,3.5936,7.6848,0.3945,29.7976,54.6037,3.9257
"Thysanoplusia_daubei",0.9," -h -q",5,449.965122470859,0.7359,0.70755,5.5736,9.3345,12.677,60.9378,3.9059,7.5712
"Thysanoplusia_exquisita",0.6," -q",4,221.946854638523,0.7642,0.71785,2.8639,43.3316,29.7951,0,9.311,14.6984
"Thysanoplusia_orichalcea",0.8," -h",4,232.251412663726,0.84875,0.92595,13.1931,41.6181,0,3.3192,38.8183,3.0512
"Trichiura_sapor",1.4,"autofeature=true",2.5,160.815569258885,0.85345,0.89395,4.6624,12.0234,0,62.823,16.9277,3.5635
"Trichoplusia_ni",0.5," -h",7.5,937.96112089058,0.70125,0.73785,18.5426,12.3564,0.3698,3.8777,62.3842,2.4693
"Triphosa_silviae",1.4," -h",4,275.924078182087,0.86805,0.9015,45.338,18.2466,2.6215,0.0554,23.199,10.5395
"Triphosa_taochata",1.4,"autofeature=true",2,144.935415805071,0.8889,0.9368,0.8239,0.1576,36.9679,0,42.2319,19.8187
"Tyta_luctuosa",1.5," -h",4.5,497.015163946829,0.67135,0.71995,8.6875,29.7341,2.6624,21.6034,14.2996,23.013
"Tytroca_dispar",1.5," -h -q",3,296.665701439449,0.68985,0.7017,7.2072,21.6263,3.095,10.2485,21.7589,36.0641
"Ulochlaena_hirta",0.6," -h -q",4,267.041396260332,0.79615,0.747,8.5302,7.249,14.5979,2.5295,59.0036,8.0898
"Watsonalla_binaria",0.9," -h",6,468.349267362779,0.90475,0.8624,54.6313,5.6864,0,11.6112,17.9845,10.0866
"Xanthorhoe_designata",1.5," -h -q",3,290.879502487807,0.72095,0.7717,0,18.4862,0,27.387,28.9964,25.1304
"Xanthorhoe_fluctuata",1.3,"autofeature=true",3,186.873478898329,0.7661,0.7363,5.6539,16.3205,7.6201,25.8407,7.7974,36.7674
"Xanthorhoe_rhodoides",0.9,"autofeature=true",2,130.380636298863,0.79485,0.92575,1.1951,10.9975,20.9622,23.9008,31.6024,11.3419
"Xanthorhoe_wiltshirei",1," -h",5.5,336.265726995579,0.83035,0.81815,4.5665,11.6251,0.0483,20.3204,60.4176,3.0221
"Xestia_cohaesa",1,"autofeature=true",2,106.197180732596,0.9052,0.93935,9.4829,0,0,40.6421,49.6758,0.1992
